recommend_id,user_id,recommend_rank_1,recommend_rank_2,recommend_rank_3,recommend_rank_4,recommend_rank_5,recommend_rank_6,recommend_rank_7,recommend_rank_8,recommend_rank_9,recommend_rank_10,update_time
1,user001,118,366,373,670,888,1003,1021,1026,1161,1209,2023-08-30 12:11:29
2,user002,333,394,471,555,737,933,979,984,1008,1167,2023-08-30 12:11:29
3,user010,149,451,555,793,933,970,979,1008,1132,1340,2023-08-30 12:11:29
4,user011,219,394,555,610,630,892,1008,1209,1215,1295,2023-08-30 12:11:29
5,user012,112,215,493,600,925,949,957,1035,1055,1132,2023-08-30 12:11:29
6,user013,160,184,226,248,505,637,732,810,875,1231,2023-08-30 12:11:29
7,user014,362,518,610,619,766,1074,1082,1092,1209,1214,2023-08-30 12:11:29
8,user015,76,166,316,351,378,505,903,1092,1371,1384,2023-08-30 12:11:29
9,user017,66,362,509,640,980,1008,1045,1151,1209,1382,2023-08-30 12:11:29
10,user018,12,109,218,254,258,264,520,612,636,827,2023-08-30 12:11:29
11,user019,145,264,351,483,531,542,732,744,1093,1238,2023-08-30 12:11:29
12,user021,118,670,718,724,731,888,1003,1026,1038,1371,2023-08-30 12:11:29
13,user022,394,619,929,1008,1107,1147,1180,1209,1215,1382,2023-08-30 12:11:29
14,user025,7,9,10,31,159,373,433,527,1005,1006,2023-08-30 12:11:29
15,user028,215,425,493,511,600,608,632,737,957,1055,2023-08-30 12:11:29
16,user031,209,257,288,314,863,1043,1151,1267,1292,1356,2023-08-30 12:11:29
17,user032,66,280,351,433,518,717,749,892,1092,1214,2023-08-30 12:11:29
18,user033,204,218,309,443,472,531,547,612,810,859,2023-08-30 12:11:29
19,user034,14,80,202,218,264,443,482,732,810,1138,2023-08-30 12:11:29
20,user036,127,139,166,187,242,261,264,334,419,664,2023-08-30 12:11:29
21,user037,54,130,245,257,597,630,649,820,949,1100,2023-08-30 12:11:29
22,user038,12,80,160,192,261,280,511,827,1066,1346,2023-08-30 12:11:29
23,user039,226,236,263,271,328,414,637,686,690,1310,2023-08-30 12:11:29
24,user040,353,518,536,737,809,1007,1146,1191,1245,1263,2023-08-30 12:11:29
25,user041,370,471,749,952,974,979,1091,1132,1167,1340,2023-08-30 12:11:29
26,user043,54,116,442,949,978,979,1132,1151,1198,1356,2023-08-30 12:11:29
27,user044,59,498,1080,1111,1192,1218,1273,1301,1317,1349,2023-08-30 12:11:29
28,user045,196,202,204,732,810,811,866,875,1336,1385,2023-08-30 12:11:29
29,user046,112,353,442,535,799,892,1147,1207,1209,1215,2023-08-30 12:11:29
30,user047,14,57,184,264,335,732,802,810,875,1238,2023-08-30 12:11:29
31,user048,120,136,366,373,808,1014,1052,1245,1279,1319,2023-08-30 12:11:29
32,user049,79,174,365,630,647,649,753,820,1137,1388,2023-08-30 12:11:29
33,user051,75,112,174,448,755,892,1055,1058,1075,1207,2023-08-30 12:11:29
34,user053,448,493,608,690,771,1121,1226,1243,1311,1333,2023-08-30 12:11:29
35,user054,112,535,610,892,949,1096,1179,1191,1215,1226,2023-08-30 12:11:29
36,user055,174,402,421,425,494,560,689,820,1191,1226,2023-08-30 12:11:29
37,user056,202,264,309,472,547,732,810,903,1092,1138,2023-08-30 12:11:29
38,user057,7,117,328,334,414,608,687,892,910,926,2023-08-30 12:11:29
39,user059,82,202,223,264,351,378,732,859,1092,1238,2023-08-30 12:11:29
40,user060,75,136,170,246,758,837,1070,1115,1199,1226,2023-08-30 12:11:29
41,user061,108,187,256,274,311,334,606,608,609,760,2023-08-30 12:11:29
42,user062,149,370,394,407,471,734,952,1091,1155,1167,2023-08-30 12:11:29
43,user063,57,168,202,378,518,636,732,802,875,1238,2023-08-30 12:11:29
44,user064,202,316,351,483,732,811,903,1202,1277,1384,2023-08-30 12:11:29
45,user066,353,536,610,630,745,892,1008,1209,1215,1382,2023-08-30 12:11:29
46,user068,59,430,498,544,1070,1132,1218,1254,1280,1317,2023-08-30 12:11:29
47,user069,127,166,187,236,242,334,338,349,419,489,2023-08-30 12:11:29
48,user070,9,152,350,461,570,610,704,1046,1079,1161,2023-08-30 12:11:29
49,user071,149,451,471,560,949,974,979,1132,1199,1332,2023-08-30 12:11:29
50,user072,14,202,264,351,531,542,617,732,875,1138,2023-08-30 12:11:29
51,user073,240,246,430,544,1044,1132,1199,1243,1273,1317,2023-08-30 12:11:29
52,user074,130,156,257,402,554,624,634,649,833,1021,2023-08-30 12:11:29
53,user075,187,242,298,334,338,347,349,414,419,489,2023-08-30 12:11:29
54,user076,471,518,696,925,1007,1074,1107,1147,1209,1360,2023-08-30 12:11:29
55,user077,149,257,382,555,695,1132,1167,1179,1198,1199,2023-08-30 12:11:29
56,user078,54,174,343,354,647,649,753,1137,1349,1388,2023-08-30 12:11:29
57,user079,112,448,535,608,892,1013,1065,1226,1263,1296,2023-08-30 12:11:29
58,user080,118,1003,1021,1026,1038,1045,1137,1215,1245,1371,2023-08-30 12:11:29
59,user081,353,374,517,536,809,1096,1147,1179,1215,1263,2023-08-30 12:11:29
60,user082,246,336,366,416,504,511,1102,1167,1218,1346,2023-08-30 12:11:29
61,user083,127,145,187,236,264,334,338,347,419,489,2023-08-30 12:11:29
62,user086,246,430,544,837,1151,1157,1183,1199,1273,1317,2023-08-30 12:11:29
63,user087,75,381,630,689,892,960,1070,1240,1376,1380,2023-08-30 12:11:29
64,user088,246,416,758,837,946,1044,1089,1157,1302,1376,2023-08-30 12:11:29
65,user089,75,130,209,257,504,649,689,755,1207,1364,2023-08-30 12:11:29
66,user090,127,153,187,242,334,338,419,489,605,1309,2023-08-30 12:11:29
67,user091,76,202,218,243,309,539,547,810,1092,1371,2023-08-30 12:11:29
68,user092,112,174,235,421,695,865,949,1132,1207,1388,2023-08-30 12:11:29
69,user094,187,236,242,264,320,334,347,349,419,489,2023-08-30 12:11:29
70,user095,57,202,378,711,732,749,793,802,1092,1238,2023-08-30 12:11:29
71,user096,219,394,509,518,619,630,750,1045,1167,1382,2023-08-30 12:11:29
72,user097,75,118,120,136,883,1014,1096,1115,1179,1245,2023-08-30 12:11:29
73,user098,202,264,309,732,810,903,1092,1170,1310,1371,2023-08-30 12:11:29
74,user099,244,442,518,536,610,1007,1008,1132,1209,1360,2023-08-30 12:11:29
75,user100,112,362,610,764,865,949,1058,1096,1179,1215,2023-08-30 12:11:29
76,user101,58,146,407,435,471,749,974,1018,1091,1277,2023-08-30 12:11:29
77,user102,57,168,280,518,766,864,1082,1092,1214,1238,2023-08-30 12:11:29
78,user103,362,471,536,865,957,1051,1092,1132,1147,1209,2023-08-30 12:11:29
79,user104,168,732,875,1018,1076,1082,1092,1093,1108,1238,2023-08-30 12:11:29
80,user105,27,130,215,257,453,566,719,833,1120,1165,2023-08-30 12:11:29
81,user106,75,116,235,257,343,649,949,1007,1337,1349,2023-08-30 12:11:29
82,user107,161,221,226,227,254,264,299,306,419,664,2023-08-30 12:11:29
83,user108,166,351,472,505,518,732,810,903,1202,1238,2023-08-30 12:11:29
84,user109,75,174,448,892,949,1014,1055,1058,1132,1166,2023-08-30 12:11:29
85,user110,58,146,407,471,512,974,1018,1091,1155,1277,2023-08-30 12:11:29
86,user111,112,215,262,353,611,620,949,1035,1055,1207,2023-08-30 12:11:29
87,user113,81,189,351,472,505,518,875,1193,1231,1238,2023-08-30 12:11:29
88,user114,136,215,630,820,949,959,1132,1198,1207,1354,2023-08-30 12:11:29
89,user115,75,136,343,752,929,949,959,1132,1198,1268,2023-08-30 12:11:29
90,user116,57,202,732,772,810,1076,1082,1092,1188,1238,2023-08-30 12:11:29
91,user117,118,436,731,888,1021,1026,1161,1209,1215,1349,2023-08-30 12:11:29
92,user119,381,416,498,960,1022,1070,1089,1199,1212,1376,2023-08-30 12:11:29
93,user120,373,724,888,1003,1021,1026,1038,1161,1209,1371,2023-08-30 12:11:29
94,user121,58,370,372,451,471,560,619,749,974,1091,2023-08-30 12:11:29
95,user122,12,80,192,248,261,338,610,636,660,754,2023-08-30 12:11:29
96,user123,80,145,248,610,636,827,882,1012,1082,1385,2023-08-30 12:11:29
97,user125,118,718,719,731,1003,1026,1045,1209,1245,1371,2023-08-30 12:11:29
98,user126,102,382,555,820,865,1096,1132,1167,1198,1221,2023-08-30 12:11:29
99,user127,174,425,511,600,737,808,949,957,1055,1311,2023-08-30 12:11:29
100,user128,14,202,264,335,339,414,607,732,875,1385,2023-08-30 12:11:29
101,user129,14,202,223,472,595,732,810,811,875,1297,2023-08-30 12:11:29
102,user130,435,471,701,749,793,896,974,1069,1091,1277,2023-08-30 12:11:29
103,user131,343,352,354,402,624,647,753,907,911,1026,2023-08-30 12:11:29
104,user132,149,168,333,394,471,509,518,933,1107,1209,2023-08-30 12:11:29
105,user134,151,364,518,809,823,840,1021,1147,1179,1209,2023-08-30 12:11:29
106,user135,7,88,302,472,505,732,810,838,892,1310,2023-08-30 12:11:29
107,user136,219,509,555,929,1045,1147,1180,1209,1215,1382,2023-08-30 12:11:29
108,user137,166,264,351,378,505,875,903,1277,1371,1384,2023-08-30 12:11:29
109,user138,112,174,535,949,1096,1132,1179,1191,1215,1226,2023-08-30 12:11:29
110,user139,6,12,192,261,314,501,651,699,1066,1233,2023-08-30 12:11:29
111,user140,633,675,764,888,1003,1021,1045,1161,1180,1209,2023-08-30 12:11:29
112,user142,54,149,442,572,949,1132,1224,1282,1356,1380,2023-08-30 12:11:29
113,user143,127,139,166,171,187,242,262,334,419,664,2023-08-30 12:11:29
114,user144,407,471,896,952,974,1018,1082,1091,1277,1297,2023-08-30 12:11:29
115,user145,62,130,244,354,554,649,1026,1116,1120,1165,2023-08-30 12:11:29
116,user146,112,461,535,610,892,1007,1179,1207,1215,1226,2023-08-30 12:11:29
117,user147,166,208,218,226,271,317,607,630,637,934,2023-08-30 12:11:29
118,user148,555,610,764,865,946,1007,1096,1132,1209,1226,2023-08-30 12:11:29
119,user149,244,442,517,535,537,610,892,1184,1207,1226,2023-08-30 12:11:29
120,user150,21,263,319,535,537,608,610,892,936,1184,2023-08-30 12:11:29
121,user151,130,172,365,425,554,630,649,724,907,911,2023-08-30 12:11:29
122,user152,57,351,378,518,732,749,875,1092,1188,1238,2023-08-30 12:11:29
123,user153,7,145,262,517,936,957,1076,1096,1184,1238,2023-08-30 12:11:29
124,user154,27,130,214,257,566,719,745,833,937,1116,2023-08-30 12:11:29
125,user155,353,461,517,518,535,799,892,1055,1226,1382,2023-08-30 12:11:29
126,user156,41,145,274,298,320,338,347,419,489,665,2023-08-30 12:11:29
127,user157,112,174,235,421,695,764,1007,1207,1215,1245,2023-08-30 12:11:29
128,user158,54,75,174,354,365,630,649,820,1100,1388,2023-08-30 12:11:29
129,user159,219,394,555,630,750,1008,1045,1167,1209,1215,2023-08-30 12:11:29
130,user160,174,352,425,554,608,647,737,808,820,908,2023-08-30 12:11:29
131,user161,7,107,202,523,576,717,732,810,1159,1310,2023-08-30 12:11:29
132,user162,202,309,414,732,810,859,875,1138,1277,1336,2023-08-30 12:11:29
133,user163,7,162,529,571,608,687,910,1017,1311,1333,2023-08-30 12:11:29
134,user164,145,236,264,320,328,338,347,349,419,489,2023-08-30 12:11:29
135,user165,76,202,264,309,472,547,732,1092,1138,1371,2023-08-30 12:11:29
136,user166,49,202,264,531,595,732,795,859,1093,1238,2023-08-30 12:11:29
137,user167,124,223,289,859,875,1018,1092,1093,1238,1297,2023-08-30 12:11:29
138,user168,240,366,669,857,863,1102,1240,1292,1346,1356,2023-08-30 12:11:29
139,user169,535,536,610,865,949,1096,1179,1215,1226,1263,2023-08-30 12:11:29
140,user170,54,75,174,245,354,515,820,949,1198,1354,2023-08-30 12:11:29
141,user171,117,160,171,187,242,262,264,274,347,419,2023-08-30 12:11:29
142,user172,80,280,518,636,725,761,827,1029,1214,1277,2023-08-30 12:11:29
143,user173,75,865,946,957,1007,1058,1096,1179,1191,1215,2023-08-30 12:11:29
144,user174,262,610,690,892,924,936,949,1184,1226,1244,2023-08-30 12:11:29
145,user175,471,518,536,809,1042,1051,1092,1132,1147,1209,2023-08-30 12:11:29
146,user176,394,471,555,696,737,750,979,984,1174,1179,2023-08-30 12:11:29
147,user177,80,109,218,248,302,612,636,827,1076,1238,2023-08-30 12:11:29
148,user178,112,200,262,272,537,608,610,819,892,1226,2023-08-30 12:11:29
149,user179,75,130,174,209,257,421,504,649,949,1207,2023-08-30 12:11:29
150,user180,75,536,724,865,1007,1058,1132,1147,1209,1268,2023-08-30 12:11:29
151,user181,374,455,610,630,749,892,1063,1092,1107,1209,2023-08-30 12:11:29
152,user182,76,261,281,317,335,339,414,900,1064,1322,2023-08-30 12:11:29
153,user183,75,130,257,364,365,453,649,755,1207,1356,2023-08-30 12:11:29
154,user184,209,957,1092,1096,1100,1132,1216,1241,1257,1268,2023-08-30 12:11:29
155,user185,166,243,505,542,637,732,810,1202,1371,1384,2023-08-30 12:11:29
156,user186,136,174,352,354,568,755,820,959,1132,1207,2023-08-30 12:11:29
157,user187,168,333,374,394,509,610,619,1092,1209,1214,2023-08-30 12:11:29
158,user188,112,333,351,399,548,590,643,979,1341,1384,2023-08-30 12:11:29
159,user189,153,162,192,233,328,414,892,926,1062,1270,2023-08-30 12:11:29
160,user190,120,245,689,1043,1075,1089,1132,1167,1199,1230,2023-08-30 12:11:29
161,user191,112,262,402,493,632,892,949,1055,1132,1226,2023-08-30 12:11:29
162,user192,407,471,512,749,793,974,1069,1091,1296,1343,2023-08-30 12:11:29
163,user193,174,365,511,529,737,808,820,892,1132,1226,2023-08-30 12:11:29
164,user194,333,394,509,518,793,809,933,1107,1167,1209,2023-08-30 12:11:29
165,user195,149,451,471,751,793,947,979,1091,1132,1199,2023-08-30 12:11:29
166,user196,62,130,402,446,453,566,634,1116,1120,1165,2023-08-30 12:11:29
167,user197,202,264,351,472,531,542,612,810,859,1371,2023-08-30 12:11:29
168,user198,168,333,374,509,619,892,974,1107,1214,1382,2023-08-30 12:11:29
169,user199,75,354,402,649,833,911,1021,1026,1207,1364,2023-08-30 12:11:29
170,user200,161,192,226,233,236,414,690,892,911,1062,2023-08-30 12:11:29
171,user201,75,112,174,215,611,755,957,1035,1132,1279,2023-08-30 12:11:29
172,user202,430,441,498,1044,1132,1166,1218,1259,1301,1349,2023-08-30 12:11:29
173,user203,472,505,539,548,810,1092,1098,1143,1193,1371,2023-08-30 12:11:29
174,user204,351,378,505,617,732,810,875,1092,1329,1385,2023-08-30 12:11:29
175,user205,240,430,441,498,865,1132,1218,1259,1273,1349,2023-08-30 12:11:29
176,user206,168,333,374,509,610,619,892,1092,1209,1214,2023-08-30 12:11:29
177,user207,353,695,696,819,893,949,1055,1058,1215,1382,2023-08-30 12:11:29
178,user208,151,195,288,669,863,1151,1233,1267,1292,1346,2023-08-30 12:11:29
179,user209,219,471,518,555,630,793,809,1008,1167,1209,2023-08-30 12:11:29
180,user210,381,758,837,960,1044,1070,1151,1157,1192,1199,2023-08-30 12:11:29
181,user211,59,240,246,441,625,1111,1132,1226,1243,1301,2023-08-30 12:11:29
182,user212,7,162,195,328,484,608,892,910,1062,1333,2023-08-30 12:11:29
183,user213,353,461,610,959,1075,1178,1191,1207,1215,1257,2023-08-30 12:11:29
184,user214,120,136,425,625,1014,1052,1070,1089,1132,1240,2023-08-30 12:11:29
185,user215,7,195,328,511,571,608,687,892,1062,1311,2023-08-30 12:11:29
186,user216,76,81,202,264,472,505,732,810,903,1371,2023-08-30 12:11:29
187,user217,75,112,174,611,755,949,1132,1179,1191,1226,2023-08-30 12:11:29
188,user218,7,195,263,511,690,892,1017,1121,1311,1333,2023-08-30 12:11:29
189,user219,38,132,507,535,608,732,892,1007,1159,1207,2023-08-30 12:11:29
190,user220,168,219,509,555,1008,1045,1167,1209,1215,1382,2023-08-30 12:11:29
191,user221,149,370,407,471,793,896,952,974,1091,1093,2023-08-30 12:11:29
192,user222,162,328,484,511,529,571,608,690,892,1311,2023-08-30 12:11:29
193,user223,235,354,425,611,755,949,959,1132,1207,1388,2023-08-30 12:11:29
194,user224,362,728,731,888,1003,1038,1146,1179,1209,1215,2023-08-30 12:11:29
195,user225,108,187,242,311,334,419,606,609,654,660,2023-08-30 12:11:29
196,user226,153,192,328,357,414,637,666,690,892,911,2023-08-30 12:11:29
197,user227,75,116,630,689,978,1075,1115,1132,1151,1333,2023-08-30 12:11:29
198,user228,353,442,461,610,946,1007,1096,1179,1207,1226,2023-08-30 12:11:29
199,user229,174,245,649,755,820,949,1132,1198,1354,1388,2023-08-30 12:11:29
200,user230,66,168,351,590,732,737,864,917,1034,1082,2023-08-30 12:11:29
201,user231,211,280,518,737,885,1034,1074,1082,1209,1382,2023-08-30 12:11:29
202,user232,108,196,311,606,635,638,654,760,855,1371,2023-08-30 12:11:29
203,user233,153,218,236,261,264,317,349,419,664,1309,2023-08-30 12:11:29
204,user234,12,108,256,311,414,609,635,638,654,660,2023-08-30 12:11:29
205,user235,240,498,625,837,1132,1166,1218,1268,1273,1349,2023-08-30 12:11:29
206,user236,12,256,311,419,606,609,635,638,760,855,2023-08-30 12:11:29
207,user237,118,731,888,1021,1026,1038,1180,1209,1215,1245,2023-08-30 12:11:29
208,user238,153,166,171,187,242,261,334,338,419,489,2023-08-30 12:11:29
209,user239,76,202,264,309,472,547,810,903,1092,1371,2023-08-30 12:11:29
210,user240,98,362,718,719,731,764,1003,1038,1179,1209,2023-08-30 12:11:29
211,user241,14,81,202,204,264,351,414,505,531,859,2023-08-30 12:11:29
212,user242,127,187,264,274,334,347,414,415,419,638,2023-08-30 12:11:29
213,user243,76,204,264,443,472,482,547,612,810,1138,2023-08-30 12:11:29
214,user244,394,509,518,619,892,933,1008,1092,1209,1214,2023-08-30 12:11:29
215,user245,45,57,168,202,802,1092,1108,1238,1277,1297,2023-08-30 12:11:29
216,user246,374,394,610,630,793,974,979,1091,1167,1214,2023-08-30 12:11:29
217,user247,257,555,865,929,979,1007,1132,1198,1221,1354,2023-08-30 12:11:29
218,user248,54,75,365,630,649,689,755,820,1100,1388,2023-08-30 12:11:29
219,user249,62,130,402,554,566,624,634,649,1021,1116,2023-08-30 12:11:29
220,user250,139,171,236,261,262,273,274,320,334,660,2023-08-30 12:11:29
221,user251,174,215,425,600,632,655,755,808,957,1215,2023-08-30 12:11:29
222,user252,149,370,394,407,751,952,975,1132,1167,1284,2023-08-30 12:11:29
223,user253,166,202,264,351,378,472,531,542,903,1206,2023-08-30 12:11:29
224,user254,394,536,610,716,946,1008,1147,1209,1215,1263,2023-08-30 12:11:29
225,user255,555,689,865,1007,1043,1132,1171,1179,1240,1268,2023-08-30 12:11:29
226,user256,7,162,233,283,328,892,910,924,1062,1333,2023-08-30 12:11:29
227,user257,126,151,353,362,461,518,610,892,1007,1215,2023-08-30 12:11:29
228,user258,310,471,572,749,896,955,974,1132,1199,1343,2023-08-30 12:11:29
229,user259,146,407,435,617,702,749,952,974,1018,1277,2023-08-30 12:11:29
230,user260,130,156,215,257,453,634,719,1116,1120,1165,2023-08-30 12:11:29
231,user261,240,430,865,1044,1102,1132,1259,1273,1301,1349,2023-08-30 12:11:29
232,user262,7,117,162,334,414,687,690,892,1062,1333,2023-08-30 12:11:29
233,user263,219,394,630,750,1008,1107,1167,1179,1263,1382,2023-08-30 12:11:29
234,user264,12,41,153,231,319,349,415,578,1072,1363,2023-08-30 12:11:29
235,user265,102,136,174,421,1014,1058,1132,1180,1207,1354,2023-08-30 12:11:29
236,user266,174,535,537,610,755,1096,1132,1179,1207,1226,2023-08-30 12:11:29
237,user267,45,57,202,732,802,875,1018,1082,1238,1297,2023-08-30 12:11:29
238,user268,353,362,517,518,535,882,936,1007,1096,1184,2023-08-30 12:11:29
239,user269,394,555,630,865,1008,1045,1167,1180,1215,1382,2023-08-30 12:11:29
240,user270,381,416,724,1022,1070,1089,1199,1212,1302,1376,2023-08-30 12:11:29
241,user271,112,174,235,421,695,755,820,865,949,1132,2023-08-30 12:11:29
242,user272,76,166,202,264,316,472,547,732,810,903,2023-08-30 12:11:29
243,user273,8,149,394,737,751,793,841,933,979,1134,2023-08-30 12:11:29
244,user274,82,124,223,351,732,811,875,1012,1018,1188,2023-08-30 12:11:29
245,user275,136,174,354,425,695,755,820,959,1198,1388,2023-08-30 12:11:29
246,user276,199,254,262,272,274,347,535,892,1055,1184,2023-08-30 12:11:29
247,user277,75,116,174,235,649,755,1137,1147,1207,1349,2023-08-30 12:11:29
248,user278,353,461,535,610,892,959,1075,1178,1184,1207,2023-08-30 12:11:29
249,user279,6,45,57,80,280,509,518,766,875,1297,2023-08-30 12:11:29
250,user280,58,168,184,394,512,619,671,866,1082,1238,2023-08-30 12:11:29
251,user281,136,174,235,354,755,820,949,959,1132,1207,2023-08-30 12:11:29
252,user282,461,536,631,865,1007,1096,1179,1191,1215,1263,2023-08-30 12:11:29
253,user283,328,511,535,537,598,685,690,892,911,1017,2023-08-30 12:11:29
254,user284,57,168,333,351,590,643,732,1034,1082,1214,2023-08-30 12:11:29
255,user285,112,174,353,461,517,535,537,610,892,1226,2023-08-30 12:11:29
256,user286,58,230,435,471,866,974,1018,1091,1227,1277,2023-08-30 12:11:29
257,user287,265,455,461,518,610,737,838,885,1238,1382,2023-08-30 12:11:29
258,user288,62,156,257,343,402,529,566,624,833,1021,2023-08-30 12:11:29
259,user289,244,353,549,555,946,1147,1179,1191,1209,1215,2023-08-30 12:11:29
260,user290,108,127,311,414,419,489,606,609,638,654,2023-08-30 12:11:29
261,user291,117,160,166,228,308,320,328,349,415,660,2023-08-30 12:11:29
262,user292,124,148,223,339,590,643,762,1188,1193,1341,2023-08-30 12:11:29
263,user293,353,567,799,819,892,936,939,959,1184,1215,2023-08-30 12:11:29
264,user294,112,209,925,929,979,1079,1092,1096,1132,1257,2023-08-30 12:11:29
265,user295,7,153,162,283,328,357,414,666,690,892,2023-08-30 12:11:29
266,user296,280,501,636,669,725,827,855,1066,1207,1346,2023-08-30 12:11:29
267,user297,112,174,421,695,929,949,1007,1132,1207,1354,2023-08-30 12:11:29
268,user298,149,451,471,793,809,979,1091,1132,1289,1340,2023-08-30 12:11:29
269,user299,112,535,764,865,949,1096,1132,1179,1215,1226,2023-08-30 12:11:29
270,user300,101,166,189,282,414,590,607,608,643,1341,2023-08-30 12:11:29
271,user301,7,735,799,819,892,936,957,959,1055,1382,2023-08-30 12:11:29
272,user302,127,166,171,261,264,334,338,489,605,1309,2023-08-30 12:11:29
273,user303,335,517,610,926,1007,1008,1091,1146,1209,1382,2023-08-30 12:11:29
274,user304,57,192,202,218,478,518,732,802,1092,1238,2023-08-30 12:11:29
275,user305,88,107,160,523,612,732,740,802,913,1159,2023-08-30 12:11:29
276,user306,219,394,471,555,630,933,1008,1045,1147,1209,2023-08-30 12:11:29
277,user307,75,102,504,695,865,883,1058,1179,1296,1333,2023-08-30 12:11:29
278,user308,12,414,606,629,635,638,687,760,1072,1371,2023-08-30 12:11:29
279,user309,374,394,610,696,892,1007,1008,1074,1214,1215,2023-08-30 12:11:29
280,user310,127,264,320,334,347,415,419,489,606,609,2023-08-30 12:11:29
281,user311,174,448,755,799,865,1014,1055,1058,1132,1226,2023-08-30 12:11:29
282,user312,202,351,518,732,802,875,877,1092,1206,1238,2023-08-30 12:11:29
283,user313,57,223,351,483,671,795,875,1018,1092,1231,2023-08-30 12:11:29
284,user314,61,374,471,518,643,748,1096,1214,1297,1329,2023-08-30 12:11:29
285,user315,353,374,610,737,809,892,1092,1096,1209,1214,2023-08-30 12:11:29
286,user316,143,204,223,316,414,472,548,607,1206,1329,2023-08-30 12:11:29
287,user317,244,353,549,1055,1065,1096,1179,1257,1296,1306,2023-08-30 12:11:29
288,user318,62,402,446,566,634,907,1021,1116,1120,1165,2023-08-30 12:11:29
289,user319,351,378,472,505,523,732,748,903,1092,1384,2023-08-30 12:11:29
290,user320,58,149,370,734,793,952,979,984,1091,1132,2023-08-30 12:11:29
291,user321,112,504,773,882,979,1055,1106,1226,1271,1296,2023-08-30 12:11:29
292,user322,333,394,509,518,619,933,1008,1092,1107,1209,2023-08-30 12:11:29
293,user323,66,280,512,518,732,875,917,1034,1214,1238,2023-08-30 12:11:29
294,user324,264,472,539,732,810,903,1092,1138,1277,1310,2023-08-30 12:11:29
295,user325,211,351,374,512,732,1034,1074,1092,1238,1297,2023-08-30 12:11:29
296,user326,127,145,236,242,264,334,347,349,489,665,2023-08-30 12:11:29
297,user327,333,374,509,518,555,841,892,926,1209,1214,2023-08-30 12:11:29
298,user328,235,245,354,820,865,929,957,959,978,1354,2023-08-30 12:11:29
299,user329,160,226,248,264,505,637,732,810,875,1310,2023-08-30 12:11:29
300,user330,174,215,262,354,537,611,632,808,949,959,2023-08-30 12:11:29
