search_n_id,search_n_word,search_n_time
1,스,2023-06-30 16:54:20
2,레,2023-06-30 16:54:30
3,브로,2023-06-30 16:54:40
4,크,2023-06-30 16:54:50
5,브로,2023-06-30 16:55:00
6,블라,2023-06-30 16:55:10
7,몽,2023-06-30 16:55:20
8,엔,2023-06-30 16:55:30
9,랑,2023-06-30 16:55:40
10,크,2023-06-30 16:55:50
11,크,2023-06-30 16:56:00
12,스프,2023-06-30 16:56:10
13,아이스,2023-06-30 16:56:20
14,몽,2023-06-30 16:56:30
15,블,2023-06-30 16:56:40
16,랑,2023-06-30 16:56:50
17,스프,2023-06-30 16:57:00
18,몽,2023-06-30 16:57:10
19,레,2023-06-30 16:57:20
20,블,2023-06-30 16:57:30
21,스프,2023-06-30 16:57:40
22,몽,2023-06-30 16:57:50
23,레,2023-06-30 16:58:00
24,브로,2023-06-30 16:58:10
25,스,2023-06-30 16:58:20
26,스프,2023-06-30 16:58:30
27,레,2023-06-30 16:58:40
28,랑,2023-06-30 16:58:50
29,몽,2023-06-30 16:59:00
30,크,2023-06-30 16:59:10
31,메,2023-06-30 16:59:20
32,엔,2023-06-30 16:59:30
33,레,2023-06-30 16:59:40
34,레,2023-06-30 16:59:50
35,블라,2023-06-30 17:00:00
36,스프,2023-06-30 17:00:10
37,레,2023-06-30 17:00:20
38,스,2023-06-30 17:00:30
39,아이스,2023-06-30 17:00:40
40,블라,2023-06-30 17:00:50
41,스프,2023-06-30 17:01:00
42,메,2023-06-30 17:01:10
43,블,2023-06-30 17:01:20
44,레,2023-06-30 17:01:30
45,랑,2023-06-30 17:01:40
46,아이스,2023-06-30 17:01:50
47,엔,2023-06-30 17:02:00
48,스,2023-06-30 17:02:10
49,스프,2023-06-30 17:02:20
50,벨,2023-06-30 17:02:30
51,블라,2023-06-30 17:02:40
52,레,2023-06-30 17:02:50
53,브로,2023-06-30 17:03:00
54,스,2023-06-30 17:03:10
55,몽,2023-06-30 17:03:20
56,아이스,2023-06-30 17:03:30
57,랑,2023-06-30 17:03:40
58,블,2023-06-30 17:03:50
59,크,2023-06-30 17:04:00
60,메,2023-06-30 17:04:10
61,크,2023-06-30 17:04:20
62,블,2023-06-30 17:04:30
63,몽,2023-06-30 17:04:40
64,몽,2023-06-30 17:04:50
65,랑,2023-06-30 17:05:00
66,블,2023-06-30 17:05:10
67,메,2023-06-30 17:05:20
68,아이스,2023-06-30 17:05:30
69,레,2023-06-30 17:05:40
70,브로,2023-06-30 17:05:50
71,메,2023-06-30 17:06:00
72,아이스,2023-06-30 17:06:10
73,블,2023-06-30 17:06:20
74,랑,2023-06-30 17:06:30
75,블,2023-06-30 17:06:40
76,블라,2023-06-30 17:06:50
77,블,2023-06-30 17:07:00
78,블라,2023-06-30 17:07:10
79,블,2023-06-30 17:07:20
80,벨,2023-06-30 17:07:30
81,랑,2023-06-30 17:07:40
82,메,2023-06-30 17:07:50
83,아이스,2023-06-30 17:08:00
84,크,2023-06-30 17:08:10
85,블,2023-06-30 17:08:20
86,블라,2023-06-30 17:08:30
87,크,2023-06-30 17:08:40
88,레,2023-06-30 17:08:50
89,엔,2023-06-30 17:09:00
90,메,2023-06-30 17:09:10
91,스프,2023-06-30 17:09:20
92,블,2023-06-30 17:09:30
93,스프,2023-06-30 17:09:40
94,엔,2023-06-30 17:09:50
95,레,2023-06-30 17:10:00
96,메,2023-06-30 17:10:10
97,레,2023-06-30 17:10:20
98,랑,2023-06-30 17:10:30
99,레,2023-06-30 17:10:40
100,스,2023-06-30 17:10:50
101,스,2023-06-30 17:11:00
102,몽,2023-06-30 17:11:10
103,스프,2023-06-30 17:11:20
104,레,2023-06-30 17:11:30
105,스,2023-06-30 17:11:40
106,레,2023-06-30 17:11:50
107,스프,2023-06-30 17:12:00
108,크,2023-06-30 17:12:10
109,스,2023-06-30 17:12:20
110,크,2023-06-30 17:12:30
111,벨,2023-06-30 17:12:40
112,레,2023-06-30 17:12:50
113,몽,2023-06-30 17:13:00
114,스,2023-06-30 17:13:10
115,몽,2023-06-30 17:13:20
116,레,2023-06-30 17:13:30
117,엔,2023-06-30 17:13:40
118,몽,2023-06-30 17:13:50
119,메,2023-06-30 17:14:00
120,메,2023-06-30 17:14:10
121,레,2023-06-30 17:14:20
122,몽,2023-06-30 17:14:30
123,크,2023-06-30 17:14:40
124,블라,2023-06-30 17:14:50
125,크,2023-06-30 17:15:00
126,메,2023-06-30 17:15:10
127,아이스,2023-06-30 17:15:20
128,블,2023-06-30 17:15:30
129,브로,2023-06-30 17:15:40
130,크,2023-06-30 17:15:50
131,레,2023-06-30 17:16:00
132,브로,2023-06-30 17:16:10
133,스프,2023-06-30 17:16:20
134,벨,2023-06-30 17:16:30
135,레,2023-06-30 17:16:40
136,스프,2023-06-30 17:16:50
137,메,2023-06-30 17:17:00
138,랑,2023-06-30 17:17:10
139,엔,2023-06-30 17:17:20
140,브로,2023-06-30 17:17:30
141,벨,2023-06-30 17:17:40
142,몽,2023-06-30 17:17:50
143,브로,2023-06-30 17:18:00
144,엔,2023-06-30 17:18:10
145,스프,2023-06-30 17:18:20
146,크,2023-06-30 17:18:30
147,브로,2023-06-30 17:18:40
148,스,2023-06-30 17:18:50
149,브로,2023-06-30 17:19:00
150,블,2023-06-30 17:19:10
151,스프,2023-06-30 17:19:20
152,벨,2023-06-30 17:19:30
153,랑,2023-06-30 17:19:40
154,크,2023-06-30 17:19:50
155,스,2023-06-30 17:20:00
156,브로,2023-06-30 17:20:10
157,블,2023-06-30 17:20:20
158,스,2023-06-30 17:20:30
159,브로,2023-06-30 17:20:40
160,스,2023-06-30 17:20:50
161,스,2023-06-30 17:21:00
162,크,2023-06-30 17:21:10
163,메,2023-06-30 17:21:20
164,벨,2023-06-30 17:21:30
165,블라,2023-06-30 17:21:40
166,엔,2023-06-30 17:21:50
167,랑,2023-06-30 17:22:00
168,몽,2023-06-30 17:22:10
169,블,2023-06-30 17:22:20
170,블라,2023-06-30 17:22:30
171,레,2023-06-30 17:22:40
172,브로,2023-06-30 17:22:50
173,블라,2023-06-30 17:23:00
174,블라,2023-06-30 17:23:10
175,레,2023-06-30 17:23:20
176,레,2023-06-30 17:23:30
177,아이스,2023-06-30 17:23:40
178,아이스,2023-06-30 17:23:50
179,엔,2023-06-30 17:24:00
180,몽,2023-06-30 17:24:10
181,스,2023-06-30 17:24:20
182,레,2023-06-30 17:24:30
183,브로,2023-06-30 17:24:40
184,레,2023-06-30 17:24:50
185,브로,2023-06-30 17:25:00
186,스,2023-06-30 17:25:10
187,랑,2023-06-30 17:25:20
188,엔,2023-06-30 17:25:30
189,랑,2023-06-30 17:25:40
190,메,2023-06-30 17:25:50
191,크,2023-06-30 17:26:00
192,크,2023-06-30 17:26:10
193,크,2023-06-30 17:26:20
194,레,2023-06-30 17:26:30
195,벨,2023-06-30 17:26:40
196,아이스,2023-06-30 17:26:50
197,블,2023-06-30 17:27:00
198,아이스,2023-06-30 17:27:10
199,벨,2023-06-30 17:27:20
200,레,2023-06-30 17:27:30
201,메,2023-06-30 17:27:40
202,크,2023-06-30 17:27:50
203,엔,2023-06-30 17:28:00
204,메,2023-06-30 17:28:10
205,블,2023-06-30 17:28:20
206,레,2023-06-30 17:28:30
207,랑,2023-06-30 17:28:40
208,레,2023-06-30 17:28:50
209,스,2023-06-30 17:29:00
210,스,2023-06-30 17:29:10
211,스프,2023-06-30 17:29:20
212,스프,2023-06-30 17:29:30
213,레,2023-06-30 17:29:40
214,랑,2023-06-30 17:29:50
215,크,2023-06-30 17:30:00
216,스,2023-06-30 17:30:10
217,레,2023-06-30 17:30:20
218,랑,2023-06-30 17:30:30
219,엔,2023-06-30 17:30:40
220,블라,2023-06-30 17:30:50
221,레,2023-06-30 17:31:00
222,몽,2023-06-30 17:31:10
223,레,2023-06-30 17:31:20
224,아이스,2023-06-30 17:31:30
225,메,2023-06-30 17:31:40
226,스프,2023-06-30 17:31:50
227,레,2023-06-30 17:32:00
228,크,2023-06-30 17:32:10
229,크,2023-06-30 17:32:20
230,몽,2023-06-30 17:32:30
231,브로,2023-06-30 17:32:40
232,브로,2023-06-30 17:32:50
233,크,2023-06-30 17:33:00
234,브로,2023-06-30 17:33:10
235,레,2023-06-30 17:33:20
236,랑,2023-06-30 17:33:30
237,몽,2023-06-30 17:33:40
238,레,2023-06-30 17:33:50
239,몽,2023-06-30 17:34:00
240,메,2023-06-30 17:34:10
241,레,2023-06-30 17:34:20
242,블,2023-06-30 17:34:30
243,브로,2023-06-30 17:34:40
244,몽,2023-06-30 17:34:50
245,스프,2023-06-30 17:35:00
246,랑,2023-06-30 17:35:10
247,레,2023-06-30 17:35:20
248,몽,2023-06-30 17:35:30
249,블,2023-06-30 17:35:40
250,랑,2023-06-30 17:35:50
251,브로,2023-06-30 17:36:00
252,크,2023-06-30 17:36:10
253,브로,2023-06-30 17:36:20
254,블라,2023-06-30 17:36:30
255,스,2023-06-30 17:36:40
256,블,2023-06-30 17:36:50
257,블라,2023-06-30 17:37:00
258,블,2023-06-30 17:37:10
259,벨,2023-06-30 17:37:20
260,아이스,2023-06-30 17:37:30
261,레,2023-06-30 17:37:40
262,블라,2023-06-30 17:37:50
263,아이스,2023-06-30 17:38:00
264,크,2023-06-30 17:38:10
265,크,2023-06-30 17:38:20
266,레,2023-06-30 17:38:30
267,아이스,2023-06-30 17:38:40
268,레,2023-06-30 17:38:50
269,벨,2023-06-30 17:39:00
270,스프,2023-06-30 17:39:10
271,블라,2023-06-30 17:39:20
272,블,2023-06-30 17:39:30
273,스,2023-06-30 17:39:40
274,브로,2023-06-30 17:39:50
275,브로,2023-06-30 17:40:00
276,스,2023-06-30 17:40:10
277,메,2023-06-30 17:40:20
278,랑,2023-06-30 17:40:30
279,메,2023-06-30 17:40:40
280,스프,2023-06-30 17:40:50
281,몽,2023-06-30 17:41:00
282,랑,2023-06-30 17:41:10
283,메,2023-06-30 17:41:20
284,블,2023-06-30 17:41:30
285,블,2023-06-30 17:41:40
286,벨,2023-06-30 17:41:50
287,아이스,2023-06-30 17:42:00
288,블라,2023-06-30 17:42:10
289,레,2023-06-30 17:42:20
290,레,2023-06-30 17:42:30
291,블라,2023-06-30 17:42:40
292,레,2023-06-30 17:42:50
293,랑,2023-06-30 17:43:00
294,스,2023-06-30 17:43:10
295,스,2023-06-30 17:43:20
296,메,2023-06-30 17:43:30
297,레,2023-06-30 17:43:40
298,블라,2023-06-30 17:43:50
299,브로,2023-06-30 17:44:00
300,아이스,2023-06-30 17:44:10
301,메,2023-06-30 17:44:20
302,아이스,2023-06-30 17:44:30
303,엔,2023-06-30 17:44:40
304,스,2023-06-30 17:44:50
305,블라,2023-06-30 17:45:00
306,블라,2023-06-30 17:45:10
307,벨,2023-06-30 17:45:20
308,아이스,2023-06-30 17:45:30
309,크,2023-06-30 17:45:40
310,벨,2023-06-30 17:45:50
311,벨,2023-06-30 17:46:00
312,블라,2023-06-30 17:46:10
313,블라,2023-06-30 17:46:20
314,엔,2023-06-30 17:46:30
315,몽,2023-06-30 17:46:40
316,엔,2023-06-30 17:46:50
317,몽,2023-06-30 17:47:00
318,블,2023-06-30 17:47:10
319,몽,2023-06-30 17:47:20
320,브로,2023-06-30 17:47:30
321,벨,2023-06-30 17:47:40
322,레,2023-06-30 17:47:50
323,크,2023-06-30 17:48:00
324,블라,2023-06-30 17:48:10
325,크,2023-06-30 17:48:20
326,몽,2023-06-30 17:48:30
327,엔,2023-06-30 17:48:40
328,메,2023-06-30 17:48:50
329,스,2023-06-30 17:49:00
330,레,2023-06-30 17:49:10
331,레,2023-06-30 17:49:20
332,아이스,2023-06-30 17:49:30
333,메,2023-06-30 17:49:40
334,브로,2023-06-30 17:49:50
335,레,2023-06-30 17:50:00
336,스,2023-06-30 17:50:10
337,스프,2023-06-30 17:50:20
338,아이스,2023-06-30 17:50:30
339,랑,2023-06-30 17:50:40
340,브로,2023-06-30 17:50:50
341,메,2023-06-30 17:51:00
342,벨,2023-06-30 17:51:10
343,몽,2023-06-30 17:51:20
344,스,2023-06-30 17:51:30
345,스프,2023-06-30 17:51:40
346,메,2023-06-30 17:51:50
347,벨,2023-06-30 17:52:00
348,벨,2023-06-30 17:52:10
349,메,2023-06-30 17:52:20
350,랑,2023-06-30 17:52:30
351,스프,2023-06-30 17:52:40
352,아이스,2023-06-30 17:52:50
353,벨,2023-06-30 17:53:00
354,블라,2023-06-30 17:53:10
355,스프,2023-06-30 17:53:20
356,스,2023-06-30 17:53:30
357,랑,2023-06-30 17:53:40
358,아이스,2023-06-30 17:53:50
359,블,2023-06-30 17:54:00
360,브로,2023-06-30 17:54:10
361,스,2023-06-30 17:54:20
362,레,2023-06-30 17:54:30
363,아이스,2023-06-30 17:54:40
364,스,2023-06-30 17:54:50
365,엔,2023-06-30 17:55:00
366,아이스,2023-06-30 17:55:10
367,벨,2023-06-30 17:55:20
368,레,2023-06-30 17:55:30
369,블라,2023-06-30 17:55:40
370,레,2023-06-30 17:55:50
371,블,2023-06-30 17:56:00
372,블라,2023-06-30 17:56:10
373,몽,2023-06-30 17:56:20
374,레,2023-06-30 17:56:30
375,블,2023-06-30 17:56:40
376,엔,2023-06-30 17:56:50
377,레,2023-06-30 17:57:00
378,스프,2023-06-30 17:57:10
379,엔,2023-06-30 17:57:20
380,벨,2023-06-30 17:57:30
381,벨,2023-06-30 17:57:40
382,메,2023-06-30 17:57:50
383,메,2023-06-30 17:58:00
384,레,2023-06-30 17:58:10
385,벨,2023-06-30 17:58:20
386,블,2023-06-30 17:58:30
387,메,2023-06-30 17:58:40
388,아이스,2023-06-30 17:58:50
389,벨,2023-06-30 17:59:00
390,랑,2023-06-30 17:59:10
391,벨,2023-06-30 17:59:20
392,브로,2023-06-30 17:59:30
393,크,2023-06-30 17:59:40
394,레,2023-06-30 17:59:50
395,벨,2023-06-30 18:00:00
396,메,2023-06-30 18:00:10
397,브로,2023-06-30 18:00:20
398,메,2023-06-30 18:00:30
399,블,2023-06-30 18:00:40
400,블라,2023-06-30 18:00:50
401,몽,2023-06-30 18:01:00
402,랑,2023-06-30 18:01:10
403,블,2023-06-30 18:01:20
404,엔,2023-06-30 18:01:30
405,블,2023-06-30 18:01:40
406,엔,2023-06-30 18:01:50
407,레,2023-06-30 18:02:00
408,블라,2023-06-30 18:02:10
409,몽,2023-06-30 18:02:20
410,크,2023-06-30 18:02:30
411,브로,2023-06-30 18:02:40
412,레,2023-06-30 18:02:50
413,메,2023-06-30 18:03:00
414,메,2023-06-30 18:03:10
415,블,2023-06-30 18:03:20
416,엔,2023-06-30 18:03:30
417,몽,2023-06-30 18:03:40
418,메,2023-06-30 18:03:50
419,크,2023-06-30 18:04:00
420,크,2023-06-30 18:04:10
421,몽,2023-06-30 18:04:20
422,아이스,2023-06-30 18:04:30
423,레,2023-06-30 18:04:40
424,크,2023-06-30 18:04:50
425,벨,2023-06-30 18:05:00
426,메,2023-06-30 18:05:10
427,아이스,2023-06-30 18:05:20
428,브로,2023-06-30 18:05:30
429,벨,2023-06-30 18:05:40
430,아이스,2023-06-30 18:05:50
431,벨,2023-06-30 18:06:00
432,엔,2023-06-30 18:06:10
433,크,2023-06-30 18:06:20
434,크,2023-06-30 18:06:30
435,스,2023-06-30 18:06:40
436,크,2023-06-30 18:06:50
437,엔,2023-06-30 18:07:00
438,레,2023-06-30 18:07:10
439,크,2023-06-30 18:07:20
440,스프,2023-06-30 18:07:30
441,레,2023-06-30 18:07:40
442,브로,2023-06-30 18:07:50
443,엔,2023-06-30 18:08:00
444,엔,2023-06-30 18:08:10
445,블라,2023-06-30 18:08:20
446,레,2023-06-30 18:08:30
447,스프,2023-06-30 18:08:40
448,아이스,2023-06-30 18:08:50
449,블라,2023-06-30 18:09:00
450,레,2023-06-30 18:09:10
451,벨,2023-06-30 18:09:20
452,엔,2023-06-30 18:09:30
453,몽,2023-06-30 18:09:40
454,레,2023-06-30 18:09:50
455,메,2023-06-30 18:10:00
456,레,2023-06-30 18:10:10
457,레,2023-06-30 18:10:20
458,크,2023-06-30 18:10:30
459,메,2023-06-30 18:10:40
460,벨,2023-06-30 18:10:50
461,벨,2023-06-30 18:11:00
462,크,2023-06-30 18:11:10
463,레,2023-06-30 18:11:20
464,레,2023-06-30 18:11:30
465,크,2023-06-30 18:11:40
466,몽,2023-06-30 18:11:50
467,크,2023-06-30 18:12:00
468,스프,2023-06-30 18:12:10
469,엔,2023-06-30 18:12:20
470,크,2023-06-30 18:12:30
471,메,2023-06-30 18:12:40
472,엔,2023-06-30 18:12:50
473,레,2023-06-30 18:13:00
474,레,2023-06-30 18:13:10
475,레,2023-06-30 18:13:20
476,스프,2023-06-30 18:13:30
477,크,2023-06-30 18:13:40
478,레,2023-06-30 18:13:50
479,스,2023-06-30 18:14:00
480,레,2023-06-30 18:14:10
481,스,2023-06-30 18:14:20
482,몽,2023-06-30 18:14:30
483,몽,2023-06-30 18:14:40
484,몽,2023-06-30 18:14:50
485,스,2023-06-30 18:15:00
486,레,2023-06-30 18:15:10
487,엔,2023-06-30 18:15:20
488,몽,2023-06-30 18:15:30
489,메,2023-06-30 18:15:40
490,브로,2023-06-30 18:15:50
491,브로,2023-06-30 18:16:00
492,크,2023-06-30 18:16:10
493,엔,2023-06-30 18:16:20
494,레,2023-06-30 18:16:30
495,크,2023-06-30 18:16:40
496,블라,2023-06-30 18:16:50
497,스,2023-06-30 18:17:00
498,블라,2023-06-30 18:17:10
499,브로,2023-06-30 18:17:20
500,벨,2023-06-30 18:17:30
501,브로,2023-06-30 18:17:40
502,레,2023-06-30 18:17:50
503,아이스,2023-06-30 18:18:00
504,블,2023-06-30 18:18:10
505,몽,2023-06-30 18:18:20
506,아이스,2023-06-30 18:18:30
507,스프,2023-06-30 18:18:40
508,아이스,2023-06-30 18:18:50
509,메,2023-06-30 18:19:00
510,크,2023-06-30 18:19:10
511,블라,2023-06-30 18:19:20
512,스프,2023-06-30 18:19:30
513,메,2023-06-30 18:19:40
514,크,2023-06-30 18:19:50
515,레,2023-06-30 18:20:00
516,스,2023-06-30 18:20:10
517,브로,2023-06-30 18:20:20
518,레,2023-06-30 18:20:30
519,메,2023-06-30 18:20:40
520,스,2023-06-30 18:20:50
521,크,2023-06-30 18:21:00
522,메,2023-06-30 18:21:10
523,벨,2023-06-30 18:21:20
524,메,2023-06-30 18:21:30
525,레,2023-06-30 18:21:40
526,스,2023-06-30 18:21:50
527,블라,2023-06-30 18:22:00
528,몽,2023-06-30 18:22:10
529,레,2023-06-30 18:22:20
530,랑,2023-06-30 18:22:30
531,블라,2023-06-30 18:22:40
532,브로,2023-06-30 18:22:50
533,랑,2023-06-30 18:23:00
534,스프,2023-06-30 18:23:10
535,벨,2023-06-30 18:23:20
536,블라,2023-06-30 18:23:30
537,메,2023-06-30 18:23:40
538,아이스,2023-06-30 18:23:50
539,스,2023-06-30 18:24:00
540,레,2023-06-30 18:24:10
541,스,2023-06-30 18:24:20
542,스프,2023-06-30 18:24:30
543,아이스,2023-06-30 18:24:40
544,벨,2023-06-30 18:24:50
545,브로,2023-06-30 18:25:00
546,레,2023-06-30 18:25:10
547,엔,2023-06-30 18:25:20
548,몽,2023-06-30 18:25:30
549,벨,2023-06-30 18:25:40
550,몽,2023-06-30 18:25:50
551,엔,2023-06-30 18:26:00
552,크,2023-06-30 18:26:10
553,레,2023-06-30 18:26:20
554,블라,2023-06-30 18:26:30
555,레,2023-06-30 18:26:40
556,블라,2023-06-30 18:26:50
557,레,2023-06-30 18:27:00
558,블라,2023-06-30 18:27:10
559,스,2023-06-30 18:27:20
560,크,2023-06-30 18:27:30
561,랑,2023-06-30 18:27:40
562,블,2023-06-30 18:27:50
563,레,2023-06-30 18:28:00
564,블,2023-06-30 18:28:10
565,블,2023-06-30 18:28:20
566,레,2023-06-30 18:28:30
567,크,2023-06-30 18:28:40
568,블라,2023-06-30 18:28:50
569,벨,2023-06-30 18:29:00
570,스,2023-06-30 18:29:10
571,스,2023-06-30 18:29:20
572,몽,2023-06-30 18:29:30
573,레,2023-06-30 18:29:40
574,스프,2023-06-30 18:29:50
575,벨,2023-06-30 18:30:00
576,몽,2023-06-30 18:30:10
577,스,2023-06-30 18:30:20
578,아이스,2023-06-30 18:30:30
579,벨,2023-06-30 18:30:40
580,블라,2023-06-30 18:30:50
581,블,2023-06-30 18:31:00
582,크,2023-06-30 18:31:10
583,몽,2023-06-30 18:31:20
584,레,2023-06-30 18:31:30
585,아이스,2023-06-30 18:31:40
586,벨,2023-06-30 18:31:50
587,블,2023-06-30 18:32:00
588,벨,2023-06-30 18:32:10
589,메,2023-06-30 18:32:20
590,메,2023-06-30 18:32:30
591,몽,2023-06-30 18:32:40
592,블,2023-06-30 18:32:50
593,크,2023-06-30 18:33:00
594,크,2023-06-30 18:33:10
595,엔,2023-06-30 18:33:20
596,블라,2023-06-30 18:33:30
597,벨,2023-06-30 18:33:40
598,스프,2023-06-30 18:33:50
599,아이스,2023-06-30 18:34:00
600,아이스,2023-06-30 18:34:10
601,메,2023-06-30 18:34:20
602,스프,2023-06-30 18:34:30
603,스프,2023-06-30 18:34:40
604,벨,2023-06-30 18:34:50
605,브로,2023-06-30 18:35:00
606,블,2023-06-30 18:35:10
607,블라,2023-06-30 18:35:20
608,스,2023-06-30 18:35:30
609,아이스,2023-06-30 18:35:40
610,크,2023-06-30 18:35:50
611,레,2023-06-30 18:36:00
612,레,2023-06-30 18:36:10
613,메,2023-06-30 18:36:20
614,아이스,2023-06-30 18:36:30
615,레,2023-06-30 18:36:40
616,엔,2023-06-30 18:36:50
617,랑,2023-06-30 18:37:00
618,몽,2023-06-30 18:37:10
619,블라,2023-06-30 18:37:20
620,엔,2023-06-30 18:37:30
621,스프,2023-06-30 18:37:40
622,크,2023-06-30 18:37:50
623,엔,2023-06-30 18:38:00
624,크,2023-06-30 18:38:10
625,스프,2023-06-30 18:38:20
626,레,2023-06-30 18:38:30
627,아이스,2023-06-30 18:38:40
628,메,2023-06-30 18:38:50
629,스,2023-06-30 18:39:00
630,엔,2023-06-30 18:39:10
631,아이스,2023-06-30 18:39:20
632,블,2023-06-30 18:39:30
633,스,2023-06-30 18:39:40
634,레,2023-06-30 18:39:50
635,엔,2023-06-30 18:40:00
636,몽,2023-06-30 18:40:10
637,블라,2023-06-30 18:40:20
638,랑,2023-06-30 18:40:30
639,벨,2023-06-30 18:40:40
640,메,2023-06-30 18:40:50
641,크,2023-06-30 18:41:00
642,레,2023-06-30 18:41:10
643,블,2023-06-30 18:41:20
644,몽,2023-06-30 18:41:30
645,몽,2023-06-30 18:41:40
646,엔,2023-06-30 18:41:50
647,메,2023-06-30 18:42:00
648,브로,2023-06-30 18:42:10
649,엔,2023-06-30 18:42:20
650,블,2023-06-30 18:42:30
651,브로,2023-06-30 18:42:40
652,브로,2023-06-30 18:42:50
653,블,2023-06-30 18:43:00
654,스프,2023-06-30 18:43:10
655,몽,2023-06-30 18:43:20
656,레,2023-06-30 18:43:30
657,몽,2023-06-30 18:43:40
658,레,2023-06-30 18:43:50
659,레,2023-06-30 18:44:00
660,벨,2023-06-30 18:44:10
661,벨,2023-06-30 18:44:20
662,몽,2023-06-30 18:44:30
663,스,2023-06-30 18:44:40
664,벨,2023-06-30 18:44:50
665,블,2023-06-30 18:45:00
666,아이스,2023-06-30 18:45:10
667,브로,2023-06-30 18:45:20
668,스,2023-06-30 18:45:30
669,랑,2023-06-30 18:45:40
670,몽,2023-06-30 18:45:50
671,엔,2023-06-30 18:46:00
672,크,2023-06-30 18:46:10
673,엔,2023-06-30 18:46:20
674,벨,2023-06-30 18:46:30
675,엔,2023-06-30 18:46:40
676,레,2023-06-30 18:46:50
677,레,2023-06-30 18:47:00
678,아이스,2023-06-30 18:47:10
679,브로,2023-06-30 18:47:20
680,엔,2023-06-30 18:47:30
681,브로,2023-06-30 18:47:40
682,벨,2023-06-30 18:47:50
683,레,2023-06-30 18:48:00
684,스,2023-06-30 18:48:10
685,스프,2023-06-30 18:48:20
686,아이스,2023-06-30 18:48:30
687,아이스,2023-06-30 18:48:40
688,랑,2023-06-30 18:48:50
689,스,2023-06-30 18:49:00
690,브로,2023-06-30 18:49:10
691,스프,2023-06-30 18:49:20
692,메,2023-06-30 18:49:30
693,블,2023-06-30 18:49:40
694,브로,2023-06-30 18:49:50
695,메,2023-06-30 18:50:00
696,블,2023-06-30 18:50:10
697,몽,2023-06-30 18:50:20
698,아이스,2023-06-30 18:50:30
699,블라,2023-06-30 18:50:40
700,몽,2023-06-30 18:50:50
701,아이스,2023-06-30 18:51:00
702,벨,2023-06-30 18:51:10
703,랑,2023-06-30 18:51:20
704,스,2023-06-30 18:51:30
705,스,2023-06-30 18:51:40
706,크,2023-06-30 18:51:50
707,크,2023-06-30 18:52:00
708,아이스,2023-06-30 18:52:10
709,아이스,2023-06-30 18:52:20
710,벨,2023-06-30 18:52:30
711,몽,2023-06-30 18:52:40
712,벨,2023-06-30 18:52:50
713,레,2023-06-30 18:53:00
714,벨,2023-06-30 18:53:10
715,아이스,2023-06-30 18:53:20
716,메,2023-06-30 18:53:30
717,엔,2023-06-30 18:53:40
718,블,2023-06-30 18:53:50
719,레,2023-06-30 18:54:00
720,블라,2023-06-30 18:54:10
721,벨,2023-06-30 18:54:20
722,블라,2023-06-30 18:54:30
723,레,2023-06-30 18:54:40
724,스프,2023-06-30 18:54:50
725,브로,2023-06-30 18:55:00
726,레,2023-06-30 18:55:10
727,아이스,2023-06-30 18:55:20
728,메,2023-06-30 18:55:30
729,블라,2023-06-30 18:55:40
730,레,2023-06-30 18:55:50
731,스,2023-06-30 18:56:00
732,레,2023-06-30 18:56:10
733,아이스,2023-06-30 18:56:20
734,벨,2023-06-30 18:56:30
735,레,2023-06-30 18:56:40
736,아이스,2023-06-30 18:56:50
737,아이스,2023-06-30 18:57:00
738,브로,2023-06-30 18:57:10
739,메,2023-06-30 18:57:20
740,레,2023-06-30 18:57:30
741,엔,2023-06-30 18:57:40
742,랑,2023-06-30 18:57:50
743,아이스,2023-06-30 18:58:00
744,몽,2023-06-30 18:58:10
745,랑,2023-06-30 18:58:20
746,엔,2023-06-30 18:58:30
747,엔,2023-06-30 18:58:40
748,아이스,2023-06-30 18:58:50
749,메,2023-06-30 18:59:00
750,블라,2023-06-30 18:59:10
751,몽,2023-06-30 18:59:20
752,몽,2023-06-30 18:59:30
753,스프,2023-06-30 18:59:40
754,아이스,2023-06-30 18:59:50
755,랑,2023-06-30 19:00:00
756,메,2023-06-30 19:00:10
757,크,2023-06-30 19:00:20
758,크,2023-06-30 19:00:30
759,엔,2023-06-30 19:00:40
760,브로,2023-06-30 19:00:50
761,브로,2023-06-30 19:01:00
762,메,2023-06-30 19:01:10
763,메,2023-06-30 19:01:20
764,스프,2023-06-30 19:01:30
765,랑,2023-06-30 19:01:40
766,레,2023-06-30 19:01:50
767,스프,2023-06-30 19:02:00
768,메,2023-06-30 19:02:10
769,레,2023-06-30 19:02:20
770,브로,2023-06-30 19:02:30
771,블라,2023-06-30 19:02:40
772,블라,2023-06-30 19:02:50
773,크,2023-06-30 19:03:00
774,블,2023-06-30 19:03:10
775,메,2023-06-30 19:03:20
776,크,2023-06-30 19:03:30
777,브로,2023-06-30 19:03:40
778,브로,2023-06-30 19:03:50
779,메,2023-06-30 19:04:00
780,블라,2023-06-30 19:04:10
781,블라,2023-06-30 19:04:20
782,블,2023-06-30 19:04:30
783,엔,2023-06-30 19:04:40
784,스,2023-06-30 19:04:50
785,블라,2023-06-30 19:05:00
786,메,2023-06-30 19:05:10
787,블라,2023-06-30 19:05:20
788,아이스,2023-06-30 19:05:30
789,스프,2023-06-30 19:05:40
790,스프,2023-06-30 19:05:50
791,스프,2023-06-30 19:06:00
792,메,2023-06-30 19:06:10
793,블라,2023-06-30 19:06:20
794,몽,2023-06-30 19:06:30
795,브로,2023-06-30 19:06:40
796,브로,2023-06-30 19:06:50
797,크,2023-06-30 19:07:00
798,크,2023-06-30 19:07:10
799,엔,2023-06-30 19:07:20
800,블라,2023-06-30 19:07:30
801,스,2023-06-30 19:07:40
802,스프,2023-06-30 19:07:50
803,랑,2023-06-30 19:08:00
804,랑,2023-06-30 19:08:10
805,스,2023-06-30 19:08:20
806,몽,2023-06-30 19:08:30
807,벨,2023-06-30 19:08:40
808,엔,2023-06-30 19:08:50
809,벨,2023-06-30 19:09:00
810,메,2023-06-30 19:09:10
811,벨,2023-06-30 19:09:20
812,블라,2023-06-30 19:09:30
813,몽,2023-06-30 19:09:40
814,몽,2023-06-30 19:09:50
815,블라,2023-06-30 19:10:00
816,벨,2023-06-30 19:10:10
817,블라,2023-06-30 19:10:20
818,브로,2023-06-30 19:10:30
819,벨,2023-06-30 19:10:40
820,메,2023-06-30 19:10:50
821,스프,2023-06-30 19:11:00
822,블라,2023-06-30 19:11:10
823,메,2023-06-30 19:11:20
824,벨,2023-06-30 19:11:30
825,아이스,2023-06-30 19:11:40
826,랑,2023-06-30 19:11:50
827,블,2023-06-30 19:12:00
828,아이스,2023-06-30 19:12:10
829,메,2023-06-30 19:12:20
830,몽,2023-06-30 19:12:30
831,브로,2023-06-30 19:12:40
832,스,2023-06-30 19:12:50
833,레,2023-06-30 19:13:00
834,크,2023-06-30 19:13:10
835,메,2023-06-30 19:13:20
836,스프,2023-06-30 19:13:30
837,몽,2023-06-30 19:13:40
838,스,2023-06-30 19:13:50
839,랑,2023-06-30 19:14:00
840,메,2023-06-30 19:14:10
841,레,2023-06-30 19:14:20
842,몽,2023-06-30 19:14:30
843,스프,2023-06-30 19:14:40
844,레,2023-06-30 19:14:50
845,엔,2023-06-30 19:15:00
846,스,2023-06-30 19:15:10
847,블,2023-06-30 19:15:20
848,블라,2023-06-30 19:15:30
849,랑,2023-06-30 19:15:40
850,몽,2023-06-30 19:15:50
851,레,2023-06-30 19:16:00
852,레,2023-06-30 19:16:10
853,블,2023-06-30 19:16:20
854,벨,2023-06-30 19:16:30
855,크,2023-06-30 19:16:40
856,아이스,2023-06-30 19:16:50
857,블,2023-06-30 19:17:00
858,레,2023-06-30 19:17:10
859,몽,2023-06-30 19:17:20
860,스,2023-06-30 19:17:30
861,랑,2023-06-30 19:17:40
862,스,2023-06-30 19:17:50
863,레,2023-06-30 19:18:00
864,브로,2023-06-30 19:18:10
865,메,2023-06-30 19:18:20
866,랑,2023-06-30 19:18:30
867,랑,2023-06-30 19:18:40
868,메,2023-06-30 19:18:50
869,몽,2023-06-30 19:19:00
870,크,2023-06-30 19:19:10
871,랑,2023-06-30 19:19:20
872,블라,2023-06-30 19:19:30
873,몽,2023-06-30 19:19:40
874,레,2023-06-30 19:19:50
875,레,2023-06-30 19:20:00
876,레,2023-06-30 19:20:10
877,스,2023-06-30 19:20:20
878,메,2023-06-30 19:20:30
879,스프,2023-06-30 19:20:40
880,아이스,2023-06-30 19:20:50
881,벨,2023-06-30 19:21:00
882,벨,2023-06-30 19:21:10
883,스프,2023-06-30 19:21:20
884,벨,2023-06-30 19:21:30
885,블라,2023-06-30 19:21:40
886,벨,2023-06-30 19:21:50
887,스프,2023-06-30 19:22:00
888,몽,2023-06-30 19:22:10
889,레,2023-06-30 19:22:20
890,스,2023-06-30 19:22:30
891,레,2023-06-30 19:22:40
892,블,2023-06-30 19:22:50
893,스,2023-06-30 19:23:00
894,브로,2023-06-30 19:23:10
895,블,2023-06-30 19:23:20
896,엔,2023-06-30 19:23:30
897,크,2023-06-30 19:23:40
898,스프,2023-06-30 19:23:50
899,엔,2023-06-30 19:24:00
900,몽,2023-06-30 19:24:10
901,블라,2023-06-30 19:24:20
902,블라,2023-06-30 19:24:30
903,레,2023-06-30 19:24:40
904,메,2023-06-30 19:24:50
905,랑,2023-06-30 19:25:00
906,랑,2023-06-30 19:25:10
907,스,2023-06-30 19:25:20
908,블,2023-06-30 19:25:30
909,레,2023-06-30 19:25:40
910,메,2023-06-30 19:25:50
911,벨,2023-06-30 19:26:00
912,아이스,2023-06-30 19:26:10
913,엔,2023-06-30 19:26:20
914,브로,2023-06-30 19:26:30
915,엔,2023-06-30 19:26:40
916,블라,2023-06-30 19:26:50
917,스프,2023-06-30 19:27:00
918,브로,2023-06-30 19:27:10
919,브로,2023-06-30 19:27:20
920,레,2023-06-30 19:27:30
921,브로,2023-06-30 19:27:40
922,스프,2023-06-30 19:27:50
923,크,2023-06-30 19:28:00
924,아이스,2023-06-30 19:28:10
925,블,2023-06-30 19:28:20
926,블,2023-06-30 19:28:30
927,블,2023-06-30 19:28:40
928,블,2023-06-30 19:28:50
929,레,2023-06-30 19:29:00
930,벨,2023-06-30 19:29:10
931,메,2023-06-30 19:29:20
932,아이스,2023-06-30 19:29:30
933,몽,2023-06-30 19:29:40
934,스프,2023-06-30 19:29:50
935,엔,2023-06-30 19:30:00
936,몽,2023-06-30 19:30:10
937,블,2023-06-30 19:30:20
938,랑,2023-06-30 19:30:30
939,크,2023-06-30 19:30:40
940,엔,2023-06-30 19:30:50
941,레,2023-06-30 19:31:00
942,블,2023-06-30 19:31:10
943,벨,2023-06-30 19:31:20
944,블라,2023-06-30 19:31:30
945,블,2023-06-30 19:31:40
946,레,2023-06-30 19:31:50
947,메,2023-06-30 19:32:00
948,메,2023-06-30 19:32:10
949,레,2023-06-30 19:32:20
950,엔,2023-06-30 19:32:30
951,랑,2023-06-30 19:32:40
952,브로,2023-06-30 19:32:50
953,크,2023-06-30 19:33:00
954,벨,2023-06-30 19:33:10
955,블,2023-06-30 19:33:20
956,몽,2023-06-30 19:33:30
957,메,2023-06-30 19:33:40
958,스,2023-06-30 19:33:50
959,브로,2023-06-30 19:34:00
960,레,2023-06-30 19:34:10
961,브로,2023-06-30 19:34:20
962,엔,2023-06-30 19:34:30
963,몽,2023-06-30 19:34:40
964,블,2023-06-30 19:34:50
965,랑,2023-06-30 19:35:00
966,아이스,2023-06-30 19:35:10
967,몽,2023-06-30 19:35:20
968,레,2023-06-30 19:35:30
969,엔,2023-06-30 19:35:40
970,스,2023-06-30 19:35:50
971,브로,2023-06-30 19:36:00
972,엔,2023-06-30 19:36:10
973,브로,2023-06-30 19:36:20
974,몽,2023-06-30 19:36:30
975,벨,2023-06-30 19:36:40
976,레,2023-06-30 19:36:50
977,메,2023-06-30 19:37:00
978,아이스,2023-06-30 19:37:10
979,스,2023-06-30 19:37:20
980,레,2023-06-30 19:37:30
981,크,2023-06-30 19:37:40
982,스,2023-06-30 19:37:50
983,크,2023-06-30 19:38:00
984,스,2023-06-30 19:38:10
985,레,2023-06-30 19:38:20
986,메,2023-06-30 19:38:30
987,랑,2023-06-30 19:38:40
988,레,2023-06-30 19:38:50
989,메,2023-06-30 19:39:00
990,엔,2023-06-30 19:39:10
991,메,2023-06-30 19:39:20
992,블,2023-06-30 19:39:30
993,레,2023-06-30 19:39:40
994,몽,2023-06-30 19:39:50
995,메,2023-06-30 19:40:00
996,블라,2023-06-30 19:40:10
997,크,2023-06-30 19:40:20
998,엔,2023-06-30 19:40:30
999,랑,2023-06-30 19:40:40
1000,브로,2023-06-30 19:40:50
