user_id,user_passwd,user_name,user_email,user_tel,user_reg_date,user_point,user_profile_img,user_grade
user001,1234,회원1,test1@gmail.com,010-0000-1111,2023-08-29 16:25:05,1000000, ,1
user002,1234,회원2,test2@gmail.com,010-0000-1111,2023-08-29 16:25:05,1000000, ,1
user003,1234,회원3,test3@gmail.com,010-0000-1111,2023-08-29 16:25:05,1000000, ,2
user004,1234,회원4,test4@gmail.com,010-0000-1111,2023-08-29 16:25:05,1000000, ,2
user005,1234,회원5,test5@gmail.com,010-0000-1111,2023-08-29 16:25:05,1000000, ,2
user006,1234,회원6,test6@gmail.com,010-0000-1111,2023-08-29 16:25:05,1000000, ,2
user007,1234,회원7,test7@gmail.com,010-0000-1111,2023-08-29 16:25:05,1000000, ,2
user008,1234,회원8,test8@gmail.com,010-0000-1111,2023-08-29 16:25:05,1000000, ,2
user009,1234,회원9,test9@gmail.com,010-0000-1111,2023-08-29 16:25:05,1000000, ,2
user010,1234,회원10,test10@gmail.com,010-0000-1111,2023-08-29 16:25:05,1000000, ,1
user011,1234,회원11,test11@gmail.com,010-0000-1111,2023-08-29 16:25:05,1000000, ,1
user012,1234,회원12,test12@gmail.com,010-0000-1111,2023-08-29 16:25:05,1000000, ,1
user013,1234,회원13,test13@gmail.com,010-0000-1111,2023-08-29 16:25:05,1000000, ,1
user014,1234,회원14,test14@gmail.com,010-0000-1111,2023-08-29 16:25:05,1000000, ,1
user015,1234,회원15,test15@gmail.com,010-0000-1111,2023-08-29 16:25:05,1000000, ,1
user016,1234,회원16,test16@gmail.com,010-0000-1111,2023-08-29 16:25:05,1000000, ,2
user017,1234,회원17,test17@gmail.com,010-0000-1111,2023-08-29 16:25:05,1000000, ,1
user018,1234,회원18,test18@gmail.com,010-0000-1111,2023-08-29 16:25:05,1000000, ,1
user019,1234,회원19,test19@gmail.com,010-0000-1111,2023-08-29 16:25:05,1000000, ,1
user020,1234,회원20,test20@gmail.com,010-0000-1111,2023-08-29 16:25:05,1000000, ,2
user021,1234,회원21,test21@gmail.com,010-0000-1111,2023-08-29 16:25:05,1000000, ,1
user022,1234,회원22,test22@gmail.com,010-0000-1111,2023-08-29 16:25:05,1000000, ,1
user023,1234,회원23,test23@gmail.com,010-0000-1111,2023-08-29 16:25:05,1000000, ,2
user024,1234,회원24,test24@gmail.com,010-0000-1111,2023-08-29 16:25:05,1000000, ,2
user025,1234,회원25,test25@gmail.com,010-0000-1111,2023-08-29 16:25:05,1000000, ,1
user026,1234,회원26,test26@gmail.com,010-0000-1111,2023-08-29 16:25:05,1000000, ,2
user027,1234,회원27,test27@gmail.com,010-0000-1111,2023-08-29 16:25:05,1000000, ,2
user028,1234,회원28,test28@gmail.com,010-0000-1111,2023-08-29 16:25:05,1000000, ,1
user029,1234,회원29,test29@gmail.com,010-0000-1111,2023-08-29 16:25:05,1000000, ,2
user030,1234,회원30,test30@gmail.com,010-0000-1111,2023-08-29 16:25:05,1000000, ,2
user031,1234,회원31,test31@gmail.com,010-0000-1111,2023-08-29 16:25:05,1000000, ,1
user032,1234,회원32,test32@gmail.com,010-0000-1111,2023-08-29 16:25:05,1000000, ,1
user033,1234,회원33,test33@gmail.com,010-0000-1111,2023-08-29 16:25:05,1000000, ,1
user034,1234,회원34,test34@gmail.com,010-0000-1111,2023-08-29 16:25:05,1000000, ,1
user035,1234,회원35,test35@gmail.com,010-0000-1111,2023-08-29 16:25:05,1000000, ,2
user036,1234,회원36,test36@gmail.com,010-0000-1111,2023-08-29 16:25:05,1000000, ,1
user037,1234,회원37,test37@gmail.com,010-0000-1111,2023-08-29 16:25:05,1000000, ,1
user038,1234,회원38,test38@gmail.com,010-0000-1111,2023-08-29 16:25:05,1000000, ,1
user039,1234,회원39,test39@gmail.com,010-0000-1111,2023-08-29 16:25:05,1000000, ,1
user040,1234,회원40,test40@gmail.com,010-0000-1111,2023-08-29 16:25:05,1000000, ,1
user041,1234,회원41,test41@gmail.com,010-0000-1111,2023-08-29 16:25:05,1000000, ,1
user042,1234,회원42,test42@gmail.com,010-0000-1111,2023-08-29 16:25:05,1000000, ,2
user043,1234,회원43,test43@gmail.com,010-0000-1111,2023-08-29 16:25:05,1000000, ,1
user044,1234,회원44,test44@gmail.com,010-0000-1111,2023-08-29 16:25:05,1000000, ,1
user045,1234,회원45,test45@gmail.com,010-0000-1111,2023-08-29 16:25:05,1000000, ,1
user046,1234,회원46,test46@gmail.com,010-0000-1111,2023-08-29 16:25:05,1000000, ,1
user047,1234,회원47,test47@gmail.com,010-0000-1111,2023-08-29 16:25:05,1000000, ,1
user048,1234,회원48,test48@gmail.com,010-0000-1111,2023-08-29 16:25:05,1000000, ,1
user049,1234,회원49,test49@gmail.com,010-0000-1111,2023-08-29 16:25:05,1000000, ,1
user050,1234,회원50,test50@gmail.com,010-0000-1111,2023-08-29 16:25:05,1000000, ,2
user051,1234,회원51,test51@gmail.com,010-0000-1111,2023-08-29 16:25:05,1000000, ,1
user052,1234,회원52,test52@gmail.com,010-0000-1111,2023-08-29 16:25:05,1000000, ,2
user053,1234,회원53,test53@gmail.com,010-0000-1111,2023-08-29 16:25:05,1000000, ,1
user054,1234,회원54,test54@gmail.com,010-0000-1111,2023-08-29 16:25:05,1000000, ,1
user055,1234,회원55,test55@gmail.com,010-0000-1111,2023-08-29 16:25:05,1000000, ,1
user056,1234,회원56,test56@gmail.com,010-0000-1111,2023-08-29 16:25:05,1000000, ,1
user057,1234,회원57,test57@gmail.com,010-0000-1111,2023-08-29 16:25:05,1000000, ,1
user058,1234,회원58,test58@gmail.com,010-0000-1111,2023-08-29 16:25:05,1000000, ,2
user059,1234,회원59,test59@gmail.com,010-0000-1111,2023-08-29 16:25:05,1000000, ,1
user060,1234,회원60,test60@gmail.com,010-0000-1111,2023-08-29 16:25:05,1000000, ,1
user061,1234,회원61,test61@gmail.com,010-0000-1111,2023-08-29 16:25:05,1000000, ,1
user062,1234,회원62,test62@gmail.com,010-0000-1111,2023-08-29 16:25:05,1000000, ,1
user063,1234,회원63,test63@gmail.com,010-0000-1111,2023-08-29 16:25:05,1000000, ,1
user064,1234,회원64,test64@gmail.com,010-0000-1111,2023-08-29 16:25:05,1000000, ,1
user065,1234,회원65,test65@gmail.com,010-0000-1111,2023-08-29 16:25:05,1000000, ,2
user066,1234,회원66,test66@gmail.com,010-0000-1111,2023-08-29 16:25:05,1000000, ,1
user067,1234,회원67,test67@gmail.com,010-0000-1111,2023-08-29 16:25:05,1000000, ,2
user068,1234,회원68,test68@gmail.com,010-0000-1111,2023-08-29 16:25:05,1000000, ,1
user069,1234,회원69,test69@gmail.com,010-0000-1111,2023-08-29 16:25:05,1000000, ,1
user070,1234,회원70,test70@gmail.com,010-0000-1111,2023-08-29 16:25:05,1000000, ,1
user071,1234,회원71,test71@gmail.com,010-0000-1111,2023-08-29 16:25:05,1000000, ,1
user072,1234,회원72,test72@gmail.com,010-0000-1111,2023-08-29 16:25:05,1000000, ,1
user073,1234,회원73,test73@gmail.com,010-0000-1111,2023-08-29 16:25:05,1000000, ,1
user074,1234,회원74,test74@gmail.com,010-0000-1111,2023-08-29 16:25:05,1000000, ,1
user075,1234,회원75,test75@gmail.com,010-0000-1111,2023-08-29 16:25:05,1000000, ,1
user076,1234,회원76,test76@gmail.com,010-0000-1111,2023-08-29 16:25:05,1000000, ,1
user077,1234,회원77,test77@gmail.com,010-0000-1111,2023-08-29 16:25:05,1000000, ,1
user078,1234,회원78,test78@gmail.com,010-0000-1111,2023-08-29 16:25:05,1000000, ,1
user079,1234,회원79,test79@gmail.com,010-0000-1111,2023-08-29 16:25:05,1000000, ,1
user080,1234,회원80,test80@gmail.com,010-0000-1111,2023-08-29 16:25:05,1000000, ,1
user081,1234,회원81,test81@gmail.com,010-0000-1111,2023-08-29 16:25:05,1000000, ,1
user082,1234,회원82,test82@gmail.com,010-0000-1111,2023-08-29 16:25:05,1000000, ,1
user083,1234,회원83,test83@gmail.com,010-0000-1111,2023-08-29 16:25:05,1000000, ,1
user084,1234,회원84,test84@gmail.com,010-0000-1111,2023-08-29 16:25:05,1000000, ,2
user085,1234,회원85,test85@gmail.com,010-0000-1111,2023-08-29 16:25:05,1000000, ,2
user086,1234,회원86,test86@gmail.com,010-0000-1111,2023-08-29 16:25:05,1000000, ,1
user087,1234,회원87,test87@gmail.com,010-0000-1111,2023-08-29 16:25:05,1000000, ,1
user088,1234,회원88,test88@gmail.com,010-0000-1111,2023-08-29 16:25:05,1000000, ,1
user089,1234,회원89,test89@gmail.com,010-0000-1111,2023-08-29 16:25:05,1000000, ,1
user090,1234,회원90,test90@gmail.com,010-0000-1111,2023-08-29 16:25:05,1000000, ,1
user091,1234,회원91,test91@gmail.com,010-0000-1111,2023-08-29 16:25:05,1000000, ,1
user092,1234,회원92,test92@gmail.com,010-0000-1111,2023-08-29 16:25:05,1000000, ,1
user093,1234,회원93,test93@gmail.com,010-0000-1111,2023-08-29 16:25:05,1000000, ,2
user094,1234,회원94,test94@gmail.com,010-0000-1111,2023-08-29 16:25:05,1000000, ,1
user095,1234,회원95,test95@gmail.com,010-0000-1111,2023-08-29 16:25:05,1000000, ,1
user096,1234,회원96,test96@gmail.com,010-0000-1111,2023-08-29 16:25:05,1000000, ,1
user097,1234,회원97,test97@gmail.com,010-0000-1111,2023-08-29 16:25:05,1000000, ,1
user098,1234,회원98,test98@gmail.com,010-0000-1111,2023-08-29 16:25:05,1000000, ,1
user099,1234,회원99,test99@gmail.com,010-0000-1111,2023-08-29 16:25:05,1000000, ,1
user100,1234,회원100,test100@gmail.com,010-0000-1111,2023-08-29 16:25:05,1000000, ,1
user101,1234,회원101,test101@gmail.com,010-0000-1111,2023-08-29 16:25:05,1000000, ,1
user102,1234,회원102,test102@gmail.com,010-0000-1111,2023-08-29 16:25:05,1000000, ,1
user103,1234,회원103,test103@gmail.com,010-0000-1111,2023-08-29 16:25:05,1000000, ,1
user104,1234,회원104,test104@gmail.com,010-0000-1111,2023-08-29 16:25:05,1000000, ,1
user105,1234,회원105,test105@gmail.com,010-0000-1111,2023-08-29 16:25:05,1000000, ,1
user106,1234,회원106,test106@gmail.com,010-0000-1111,2023-08-29 16:25:05,1000000, ,1
user107,1234,회원107,test107@gmail.com,010-0000-1111,2023-08-29 16:25:05,1000000, ,1
user108,1234,회원108,test108@gmail.com,010-0000-1111,2023-08-29 16:25:05,1000000, ,1
user109,1234,회원109,test109@gmail.com,010-0000-1111,2023-08-29 16:25:05,1000000, ,1
user110,1234,회원110,test110@gmail.com,010-0000-1111,2023-08-29 16:25:05,1000000, ,1
user111,1234,회원111,test111@gmail.com,010-0000-1111,2023-08-29 16:25:05,1000000, ,1
user112,1234,회원112,test112@gmail.com,010-0000-1111,2023-08-29 16:25:05,1000000, ,2
user113,1234,회원113,test113@gmail.com,010-0000-1111,2023-08-29 16:25:05,1000000, ,1
user114,1234,회원114,test114@gmail.com,010-0000-1111,2023-08-29 16:25:05,1000000, ,1
user115,1234,회원115,test115@gmail.com,010-0000-1111,2023-08-29 16:25:05,1000000, ,1
user116,1234,회원116,test116@gmail.com,010-0000-1111,2023-08-29 16:25:05,1000000, ,1
user117,1234,회원117,test117@gmail.com,010-0000-1111,2023-08-29 16:25:05,1000000, ,1
user118,1234,회원118,test118@gmail.com,010-0000-1111,2023-08-29 16:25:05,1000000, ,2
user119,1234,회원119,test119@gmail.com,010-0000-1111,2023-08-29 16:25:05,1000000, ,1
user120,1234,회원120,test120@gmail.com,010-0000-1111,2023-08-29 16:25:05,1000000, ,1
user121,1234,회원121,test121@gmail.com,010-0000-1111,2023-08-29 16:25:05,1000000, ,1
user122,1234,회원122,test122@gmail.com,010-0000-1111,2023-08-29 16:25:05,1000000, ,1
user123,1234,회원123,test123@gmail.com,010-0000-1111,2023-08-29 16:25:05,1000000, ,1
user124,1234,회원124,test124@gmail.com,010-0000-1111,2023-08-29 16:25:05,1000000, ,2
user125,1234,회원125,test125@gmail.com,010-0000-1111,2023-08-29 16:25:05,1000000, ,1
user126,1234,회원126,test126@gmail.com,010-0000-1111,2023-08-29 16:25:05,1000000, ,1
user127,1234,회원127,test127@gmail.com,010-0000-1111,2023-08-29 16:25:05,1000000, ,1
user128,1234,회원128,test128@gmail.com,010-0000-1111,2023-08-29 16:25:05,1000000, ,1
user129,1234,회원129,test129@gmail.com,010-0000-1111,2023-08-29 16:25:05,1000000, ,1
user130,1234,회원130,test130@gmail.com,010-0000-1111,2023-08-29 16:25:05,1000000, ,1
user131,1234,회원131,test131@gmail.com,010-0000-1111,2023-08-29 16:25:05,1000000, ,1
user132,1234,회원132,test132@gmail.com,010-0000-1111,2023-08-29 16:25:05,1000000, ,1
user133,1234,회원133,test133@gmail.com,010-0000-1111,2023-08-29 16:25:05,1000000, ,2
user134,1234,회원134,test134@gmail.com,010-0000-1111,2023-08-29 16:25:05,1000000, ,1
user135,1234,회원135,test135@gmail.com,010-0000-1111,2023-08-29 16:25:05,1000000, ,1
user136,1234,회원136,test136@gmail.com,010-0000-1111,2023-08-29 16:25:05,1000000, ,1
user137,1234,회원137,test137@gmail.com,010-0000-1111,2023-08-29 16:25:05,1000000, ,1
user138,1234,회원138,test138@gmail.com,010-0000-1111,2023-08-29 16:25:05,1000000, ,1
user139,1234,회원139,test139@gmail.com,010-0000-1111,2023-08-29 16:25:05,1000000, ,1
user140,1234,회원140,test140@gmail.com,010-0000-1111,2023-08-29 16:25:05,1000000, ,1
user141,1234,회원141,test141@gmail.com,010-0000-1111,2023-08-29 16:25:05,1000000, ,2
user142,1234,회원142,test142@gmail.com,010-0000-1111,2023-08-29 16:25:05,1000000, ,1
user143,1234,회원143,test143@gmail.com,010-0000-1111,2023-08-29 16:25:05,1000000, ,1
user144,1234,회원144,test144@gmail.com,010-0000-1111,2023-08-29 16:25:05,1000000, ,1
user145,1234,회원145,test145@gmail.com,010-0000-1111,2023-08-29 16:25:05,1000000, ,1
user146,1234,회원146,test146@gmail.com,010-0000-1111,2023-08-29 16:25:05,1000000, ,1
user147,1234,회원147,test147@gmail.com,010-0000-1111,2023-08-29 16:25:05,1000000, ,1
user148,1234,회원148,test148@gmail.com,010-0000-1111,2023-08-29 16:25:05,1000000, ,1
user149,1234,회원149,test149@gmail.com,010-0000-1111,2023-08-29 16:25:05,1000000, ,1
user150,1234,회원150,test150@gmail.com,010-0000-1111,2023-08-29 16:25:05,1000000, ,1
user151,1234,회원151,test151@gmail.com,010-0000-1111,2023-08-29 16:25:05,1000000, ,1
user152,1234,회원152,test152@gmail.com,010-0000-1111,2023-08-29 16:25:05,1000000, ,1
user153,1234,회원153,test153@gmail.com,010-0000-1111,2023-08-29 16:25:05,1000000, ,1
user154,1234,회원154,test154@gmail.com,010-0000-1111,2023-08-29 16:25:05,1000000, ,1
user155,1234,회원155,test155@gmail.com,010-0000-1111,2023-08-29 16:25:05,1000000, ,1
user156,1234,회원156,test156@gmail.com,010-0000-1111,2023-08-29 16:25:05,1000000, ,1
user157,1234,회원157,test157@gmail.com,010-0000-1111,2023-08-29 16:25:05,1000000, ,1
user158,1234,회원158,test158@gmail.com,010-0000-1111,2023-08-29 16:25:05,1000000, ,1
user159,1234,회원159,test159@gmail.com,010-0000-1111,2023-08-29 16:25:05,1000000, ,1
user160,1234,회원160,test160@gmail.com,010-0000-1111,2023-08-29 16:25:05,1000000, ,1
user161,1234,회원161,test161@gmail.com,010-0000-1111,2023-08-29 16:25:05,1000000, ,1
user162,1234,회원162,test162@gmail.com,010-0000-1111,2023-08-29 16:25:05,1000000, ,1
user163,1234,회원163,test163@gmail.com,010-0000-1111,2023-08-29 16:25:05,1000000, ,1
user164,1234,회원164,test164@gmail.com,010-0000-1111,2023-08-29 16:25:05,1000000, ,1
user165,1234,회원165,test165@gmail.com,010-0000-1111,2023-08-29 16:25:05,1000000, ,1
user166,1234,회원166,test166@gmail.com,010-0000-1111,2023-08-29 16:25:05,1000000, ,1
user167,1234,회원167,test167@gmail.com,010-0000-1111,2023-08-29 16:25:05,1000000, ,1
user168,1234,회원168,test168@gmail.com,010-0000-1111,2023-08-29 16:25:05,1000000, ,1
user169,1234,회원169,test169@gmail.com,010-0000-1111,2023-08-29 16:25:05,1000000, ,1
user170,1234,회원170,test170@gmail.com,010-0000-1111,2023-08-29 16:25:05,1000000, ,1
user171,1234,회원171,test171@gmail.com,010-0000-1111,2023-08-29 16:25:05,1000000, ,1
user172,1234,회원172,test172@gmail.com,010-0000-1111,2023-08-29 16:25:05,1000000, ,1
user173,1234,회원173,test173@gmail.com,010-0000-1111,2023-08-29 16:25:05,1000000, ,1
user174,1234,회원174,test174@gmail.com,010-0000-1111,2023-08-29 16:25:05,1000000, ,1
user175,1234,회원175,test175@gmail.com,010-0000-1111,2023-08-29 16:25:05,1000000, ,1
user176,1234,회원176,test176@gmail.com,010-0000-1111,2023-08-29 16:25:05,1000000, ,1
user177,1234,회원177,test177@gmail.com,010-0000-1111,2023-08-29 16:25:05,1000000, ,1
user178,1234,회원178,test178@gmail.com,010-0000-1111,2023-08-29 16:25:05,1000000, ,1
user179,1234,회원179,test179@gmail.com,010-0000-1111,2023-08-29 16:25:05,1000000, ,1
user180,1234,회원180,test180@gmail.com,010-0000-1111,2023-08-29 16:25:05,1000000, ,1
user181,1234,회원181,test181@gmail.com,010-0000-1111,2023-08-29 16:25:05,1000000, ,1
user182,1234,회원182,test182@gmail.com,010-0000-1111,2023-08-29 16:25:05,1000000, ,1
user183,1234,회원183,test183@gmail.com,010-0000-1111,2023-08-29 16:25:05,1000000, ,1
user184,1234,회원184,test184@gmail.com,010-0000-1111,2023-08-29 16:25:05,1000000, ,1
user185,1234,회원185,test185@gmail.com,010-0000-1111,2023-08-29 16:25:05,1000000, ,1
user186,1234,회원186,test186@gmail.com,010-0000-1111,2023-08-29 16:25:05,1000000, ,1
user187,1234,회원187,test187@gmail.com,010-0000-1111,2023-08-29 16:25:05,1000000, ,1
user188,1234,회원188,test188@gmail.com,010-0000-1111,2023-08-29 16:25:05,1000000, ,1
user189,1234,회원189,test189@gmail.com,010-0000-1111,2023-08-29 16:25:05,1000000, ,1
user190,1234,회원190,test190@gmail.com,010-0000-1111,2023-08-29 16:25:05,1000000, ,1
user191,1234,회원191,test191@gmail.com,010-0000-1111,2023-08-29 16:25:05,1000000, ,1
user192,1234,회원192,test192@gmail.com,010-0000-1111,2023-08-29 16:25:05,1000000, ,1
user193,1234,회원193,test193@gmail.com,010-0000-1111,2023-08-29 16:25:05,1000000, ,1
user194,1234,회원194,test194@gmail.com,010-0000-1111,2023-08-29 16:25:05,1000000, ,1
user195,1234,회원195,test195@gmail.com,010-0000-1111,2023-08-29 16:25:05,1000000, ,1
user196,1234,회원196,test196@gmail.com,010-0000-1111,2023-08-29 16:25:05,1000000, ,1
user197,1234,회원197,test197@gmail.com,010-0000-1111,2023-08-29 16:25:05,1000000, ,1
user198,1234,회원198,test198@gmail.com,010-0000-1111,2023-08-29 16:25:05,1000000, ,1
user199,1234,회원199,test199@gmail.com,010-0000-1111,2023-08-29 16:25:05,1000000, ,1
user200,1234,회원200,test200@gmail.com,010-0000-1111,2023-08-29 16:25:05,1000000, ,1
user201,1234,회원201,test201@gmail.com,010-0000-1111,2023-08-29 16:25:05,1000000, ,1
user202,1234,회원202,test202@gmail.com,010-0000-1111,2023-08-29 16:25:05,1000000, ,1
user203,1234,회원203,test203@gmail.com,010-0000-1111,2023-08-29 16:25:05,1000000, ,1
user204,1234,회원204,test204@gmail.com,010-0000-1111,2023-08-29 16:25:05,1000000, ,1
user205,1234,회원205,test205@gmail.com,010-0000-1111,2023-08-29 16:25:05,1000000, ,1
user206,1234,회원206,test206@gmail.com,010-0000-1111,2023-08-29 16:25:05,1000000, ,1
user207,1234,회원207,test207@gmail.com,010-0000-1111,2023-08-29 16:25:05,1000000, ,1
user208,1234,회원208,test208@gmail.com,010-0000-1111,2023-08-29 16:25:05,1000000, ,1
user209,1234,회원209,test209@gmail.com,010-0000-1111,2023-08-29 16:25:05,1000000, ,1
user210,1234,회원210,test210@gmail.com,010-0000-1111,2023-08-29 16:25:05,1000000, ,1
user211,1234,회원211,test211@gmail.com,010-0000-1111,2023-08-29 16:25:05,1000000, ,1
user212,1234,회원212,test212@gmail.com,010-0000-1111,2023-08-29 16:25:05,1000000, ,1
user213,1234,회원213,test213@gmail.com,010-0000-1111,2023-08-29 16:25:05,1000000, ,1
user214,1234,회원214,test214@gmail.com,010-0000-1111,2023-08-29 16:25:05,1000000, ,1
user215,1234,회원215,test215@gmail.com,010-0000-1111,2023-08-29 16:25:05,1000000, ,1
user216,1234,회원216,test216@gmail.com,010-0000-1111,2023-08-29 16:25:05,1000000, ,1
user217,1234,회원217,test217@gmail.com,010-0000-1111,2023-08-29 16:25:05,1000000, ,1
user218,1234,회원218,test218@gmail.com,010-0000-1111,2023-08-29 16:25:05,1000000, ,1
user219,1234,회원219,test219@gmail.com,010-0000-1111,2023-08-29 16:25:05,1000000, ,1
user220,1234,회원220,test220@gmail.com,010-0000-1111,2023-08-29 16:25:05,1000000, ,1
user221,1234,회원221,test221@gmail.com,010-0000-1111,2023-08-29 16:25:05,1000000, ,1
user222,1234,회원222,test222@gmail.com,010-0000-1111,2023-08-29 16:25:05,1000000, ,1
user223,1234,회원223,test223@gmail.com,010-0000-1111,2023-08-29 16:25:05,1000000, ,1
user224,1234,회원224,test224@gmail.com,010-0000-1111,2023-08-29 16:25:05,1000000, ,1
user225,1234,회원225,test225@gmail.com,010-0000-1111,2023-08-29 16:25:05,1000000, ,1
user226,1234,회원226,test226@gmail.com,010-0000-1111,2023-08-29 16:25:05,1000000, ,1
user227,1234,회원227,test227@gmail.com,010-0000-1111,2023-08-29 16:25:05,1000000, ,1
user228,1234,회원228,test228@gmail.com,010-0000-1111,2023-08-29 16:25:05,1000000, ,1
user229,1234,회원229,test229@gmail.com,010-0000-1111,2023-08-29 16:25:05,1000000, ,1
user230,1234,회원230,test230@gmail.com,010-0000-1111,2023-08-29 16:25:05,1000000, ,1
user231,1234,회원231,test231@gmail.com,010-0000-1111,2023-08-29 16:25:05,1000000, ,1
user232,1234,회원232,test232@gmail.com,010-0000-1111,2023-08-29 16:25:05,1000000, ,1
user233,1234,회원233,test233@gmail.com,010-0000-1111,2023-08-29 16:25:05,1000000, ,1
user234,1234,회원234,test234@gmail.com,010-0000-1111,2023-08-29 16:25:05,1000000, ,1
user235,1234,회원235,test235@gmail.com,010-0000-1111,2023-08-29 16:25:05,1000000, ,1
user236,1234,회원236,test236@gmail.com,010-0000-1111,2023-08-29 16:25:05,1000000, ,1
user237,1234,회원237,test237@gmail.com,010-0000-1111,2023-08-29 16:25:05,1000000, ,1
user238,1234,회원238,test238@gmail.com,010-0000-1111,2023-08-29 16:25:05,1000000, ,1
user239,1234,회원239,test239@gmail.com,010-0000-1111,2023-08-29 16:25:05,1000000, ,1
user240,1234,회원240,test240@gmail.com,010-0000-1111,2023-08-29 16:25:05,1000000, ,1
user241,1234,회원241,test241@gmail.com,010-0000-1111,2023-08-29 16:25:05,1000000, ,1
user242,1234,회원242,test242@gmail.com,010-0000-1111,2023-08-29 16:25:05,1000000, ,1
user243,1234,회원243,test243@gmail.com,010-0000-1111,2023-08-29 16:25:05,1000000, ,1
user244,1234,회원244,test244@gmail.com,010-0000-1111,2023-08-29 16:25:05,1000000, ,1
user245,1234,회원245,test245@gmail.com,010-0000-1111,2023-08-29 16:25:05,1000000, ,1
user246,1234,회원246,test246@gmail.com,010-0000-1111,2023-08-29 16:25:05,1000000, ,1
user247,1234,회원247,test247@gmail.com,010-0000-1111,2023-08-29 16:25:05,1000000, ,1
user248,1234,회원248,test248@gmail.com,010-0000-1111,2023-08-29 16:25:05,1000000, ,1
user249,1234,회원249,test249@gmail.com,010-0000-1111,2023-08-29 16:25:05,1000000, ,1
user250,1234,회원250,test250@gmail.com,010-0000-1111,2023-08-29 16:25:05,1000000, ,1
user251,1234,회원251,test251@gmail.com,010-0000-1111,2023-08-29 16:25:05,1000000, ,1
user252,1234,회원252,test252@gmail.com,010-0000-1111,2023-08-29 16:25:05,1000000, ,1
user253,1234,회원253,test253@gmail.com,010-0000-1111,2023-08-29 16:25:05,1000000, ,1
user254,1234,회원254,test254@gmail.com,010-0000-1111,2023-08-29 16:25:05,1000000, ,1
user255,1234,회원255,test255@gmail.com,010-0000-1111,2023-08-29 16:25:05,1000000, ,1
user256,1234,회원256,test256@gmail.com,010-0000-1111,2023-08-29 16:25:05,1000000, ,1
user257,1234,회원257,test257@gmail.com,010-0000-1111,2023-08-29 16:25:05,1000000, ,1
user258,1234,회원258,test258@gmail.com,010-0000-1111,2023-08-29 16:25:05,1000000, ,1
user259,1234,회원259,test259@gmail.com,010-0000-1111,2023-08-29 16:25:05,1000000, ,1
user260,1234,회원260,test260@gmail.com,010-0000-1111,2023-08-29 16:25:05,1000000, ,1
user261,1234,회원261,test261@gmail.com,010-0000-1111,2023-08-29 16:25:05,1000000, ,1
user262,1234,회원262,test262@gmail.com,010-0000-1111,2023-08-29 16:25:05,1000000, ,1
user263,1234,회원263,test263@gmail.com,010-0000-1111,2023-08-29 16:25:05,1000000, ,1
user264,1234,회원264,test264@gmail.com,010-0000-1111,2023-08-29 16:25:05,1000000, ,1
user265,1234,회원265,test265@gmail.com,010-0000-1111,2023-08-29 16:25:05,1000000, ,1
user266,1234,회원266,test266@gmail.com,010-0000-1111,2023-08-29 16:25:06,1000000, ,1
user267,1234,회원267,test267@gmail.com,010-0000-1111,2023-08-29 16:25:06,1000000, ,1
user268,1234,회원268,test268@gmail.com,010-0000-1111,2023-08-29 16:25:06,1000000, ,1
user269,1234,회원269,test269@gmail.com,010-0000-1111,2023-08-29 16:25:06,1000000, ,1
user270,1234,회원270,test270@gmail.com,010-0000-1111,2023-08-29 16:25:06,1000000, ,1
user271,1234,회원271,test271@gmail.com,010-0000-1111,2023-08-29 16:25:06,1000000, ,1
user272,1234,회원272,test272@gmail.com,010-0000-1111,2023-08-29 16:25:06,1000000, ,1
user273,1234,회원273,test273@gmail.com,010-0000-1111,2023-08-29 16:25:06,1000000, ,1
user274,1234,회원274,test274@gmail.com,010-0000-1111,2023-08-29 16:25:06,1000000, ,1
user275,1234,회원275,test275@gmail.com,010-0000-1111,2023-08-29 16:25:06,1000000, ,1
user276,1234,회원276,test276@gmail.com,010-0000-1111,2023-08-29 16:25:06,1000000, ,1
user277,1234,회원277,test277@gmail.com,010-0000-1111,2023-08-29 16:25:06,1000000, ,1
user278,1234,회원278,test278@gmail.com,010-0000-1111,2023-08-29 16:25:06,1000000, ,1
user279,1234,회원279,test279@gmail.com,010-0000-1111,2023-08-29 16:25:06,1000000, ,1
user280,1234,회원280,test280@gmail.com,010-0000-1111,2023-08-29 16:25:06,1000000, ,1
user281,1234,회원281,test281@gmail.com,010-0000-1111,2023-08-29 16:25:06,1000000, ,1
user282,1234,회원282,test282@gmail.com,010-0000-1111,2023-08-29 16:25:06,1000000, ,1
user283,1234,회원283,test283@gmail.com,010-0000-1111,2023-08-29 16:25:06,1000000, ,1
user284,1234,회원284,test284@gmail.com,010-0000-1111,2023-08-29 16:25:06,1000000, ,1
user285,1234,회원285,test285@gmail.com,010-0000-1111,2023-08-29 16:25:06,1000000, ,1
user286,1234,회원286,test286@gmail.com,010-0000-1111,2023-08-29 16:25:06,1000000, ,1
user287,1234,회원287,test287@gmail.com,010-0000-1111,2023-08-29 16:25:06,1000000, ,1
user288,1234,회원288,test288@gmail.com,010-0000-1111,2023-08-29 16:25:06,1000000, ,1
user289,1234,회원289,test289@gmail.com,010-0000-1111,2023-08-29 16:25:06,1000000, ,1
user290,1234,회원290,test290@gmail.com,010-0000-1111,2023-08-29 16:25:06,1000000, ,1
user291,1234,회원291,test291@gmail.com,010-0000-1111,2023-08-29 16:25:06,1000000, ,1
user292,1234,회원292,test292@gmail.com,010-0000-1111,2023-08-29 16:25:06,1000000, ,1
user293,1234,회원293,test293@gmail.com,010-0000-1111,2023-08-29 16:25:06,1000000, ,1
user294,1234,회원294,test294@gmail.com,010-0000-1111,2023-08-29 16:25:06,1000000, ,1
user295,1234,회원295,test295@gmail.com,010-0000-1111,2023-08-29 16:25:06,1000000, ,1
user296,1234,회원296,test296@gmail.com,010-0000-1111,2023-08-29 16:25:06,1000000, ,1
user297,1234,회원297,test297@gmail.com,010-0000-1111,2023-08-29 16:25:06,1000000, ,1
user298,1234,회원298,test298@gmail.com,010-0000-1111,2023-08-29 16:25:06,1000000, ,1
user299,1234,회원299,test299@gmail.com,010-0000-1111,2023-08-29 16:25:06,1000000, ,1
user300,1234,회원300,test300@gmail.com,010-0000-1111,2023-08-29 16:25:06,1000000, ,1
user301,1234,회원301,test301@gmail.com,010-0000-1111,2023-08-29 16:25:06,1000000, ,1
user302,1234,회원302,test302@gmail.com,010-0000-1111,2023-08-29 16:25:06,1000000, ,1
user303,1234,회원303,test303@gmail.com,010-0000-1111,2023-08-29 16:25:06,1000000, ,1
user304,1234,회원304,test304@gmail.com,010-0000-1111,2023-08-29 16:25:06,1000000, ,1
user305,1234,회원305,test305@gmail.com,010-0000-1111,2023-08-29 16:25:06,1000000, ,1
user306,1234,회원306,test306@gmail.com,010-0000-1111,2023-08-29 16:25:06,1000000, ,1
user307,1234,회원307,test307@gmail.com,010-0000-1111,2023-08-29 16:25:06,1000000, ,1
user308,1234,회원308,test308@gmail.com,010-0000-1111,2023-08-29 16:25:06,1000000, ,1
user309,1234,회원309,test309@gmail.com,010-0000-1111,2023-08-29 16:25:06,1000000, ,1
user310,1234,회원310,test310@gmail.com,010-0000-1111,2023-08-29 16:25:06,1000000, ,1
user311,1234,회원311,test311@gmail.com,010-0000-1111,2023-08-29 16:25:06,1000000, ,1
user312,1234,회원312,test312@gmail.com,010-0000-1111,2023-08-29 16:25:06,1000000, ,1
user313,1234,회원313,test313@gmail.com,010-0000-1111,2023-08-29 16:25:06,1000000, ,1
user314,1234,회원314,test314@gmail.com,010-0000-1111,2023-08-29 16:25:06,1000000, ,1
user315,1234,회원315,test315@gmail.com,010-0000-1111,2023-08-29 16:25:06,1000000, ,1
user316,1234,회원316,test316@gmail.com,010-0000-1111,2023-08-29 16:25:06,1000000, ,1
user317,1234,회원317,test317@gmail.com,010-0000-1111,2023-08-29 16:25:06,1000000, ,1
user318,1234,회원318,test318@gmail.com,010-0000-1111,2023-08-29 16:25:06,1000000, ,1
user319,1234,회원319,test319@gmail.com,010-0000-1111,2023-08-29 16:25:06,1000000, ,1
user320,1234,회원320,test320@gmail.com,010-0000-1111,2023-08-29 16:25:06,1000000, ,1
user321,1234,회원321,test321@gmail.com,010-0000-1111,2023-08-29 16:25:06,1000000, ,1
user322,1234,회원322,test322@gmail.com,010-0000-1111,2023-08-29 16:25:06,1000000, ,1
user323,1234,회원323,test323@gmail.com,010-0000-1111,2023-08-29 16:25:06,1000000, ,1
user324,1234,회원324,test324@gmail.com,010-0000-1111,2023-08-29 16:25:06,1000000, ,1
user325,1234,회원325,test325@gmail.com,010-0000-1111,2023-08-29 16:25:06,1000000, ,1
user326,1234,회원326,test326@gmail.com,010-0000-1111,2023-08-29 16:25:06,1000000, ,1
user327,1234,회원327,test327@gmail.com,010-0000-1111,2023-08-29 16:25:06,1000000, ,1
user328,1234,회원328,test328@gmail.com,010-0000-1111,2023-08-29 16:25:06,1000000, ,1
user329,1234,회원329,test329@gmail.com,010-0000-1111,2023-08-29 16:25:06,1000000, ,1
user330,1234,회원330,test330@gmail.com,010-0000-1111,2023-08-29 16:25:06,1000000, ,1
