search_id,user_id,search_word,search_time
1,user235,아이스,2023-08-29 16:53:56
2,user070,스,2023-08-29 16:53:56
3,user115,스,2023-08-29 16:53:56
4,user216,엔,2023-08-29 16:53:56
5,user034,스,2023-08-29 16:53:56
6,user130,몽,2023-08-29 16:53:56
7,user246,블,2023-08-29 16:53:56
8,user293,메,2023-08-29 16:53:56
9,user307,몽,2023-08-29 16:53:56
10,user121,레,2023-08-29 16:53:56
11,user202,랑,2023-08-29 16:53:56
12,user201,스프,2023-08-29 16:53:56
13,user196,아이스,2023-08-29 16:53:56
14,user202,스,2023-08-29 16:53:56
15,user235,랑,2023-08-29 16:53:56
16,user018,블라,2023-08-29 16:53:56
17,user001,랑,2023-08-29 16:53:56
18,user048,블,2023-08-29 16:53:56
19,user237,메,2023-08-29 16:53:56
20,user190,블,2023-08-29 16:53:56
21,user247,레,2023-08-29 16:53:56
22,user188,블라,2023-08-29 16:53:56
23,user228,블라,2023-08-29 16:53:56
24,user097,레,2023-08-29 16:53:56
25,user242,아이스,2023-08-29 16:53:56
26,user268,블라,2023-08-29 16:53:56
27,user102,레,2023-08-29 16:53:56
28,user311,레,2023-08-29 16:53:56
29,user081,블,2023-08-29 16:53:56
30,user308,랑,2023-08-29 16:53:56
31,user321,스,2023-08-29 16:53:56
32,user105,레,2023-08-29 16:53:56
33,user310,엔,2023-08-29 16:53:56
34,user139,몽,2023-08-29 16:53:56
35,user178,아이스,2023-08-29 16:53:56
36,user138,레,2023-08-29 16:53:56
37,user185,랑,2023-08-29 16:53:56
38,user269,블,2023-08-29 16:53:56
39,user209,블라,2023-08-29 16:53:56
40,user002,블,2023-08-29 16:53:56
41,user301,블,2023-08-29 16:53:56
42,user111,랑,2023-08-29 16:53:56
43,user264,브로,2023-08-29 16:53:56
44,user173,레,2023-08-29 16:53:56
45,user259,블,2023-08-29 16:53:56
46,user311,스,2023-08-29 16:53:56
47,user286,랑,2023-08-29 16:53:56
48,user113,벨,2023-08-29 16:53:56
49,user264,랑,2023-08-29 16:53:56
50,user320,랑,2023-08-29 16:53:56
51,user119,벨,2023-08-29 16:53:56
52,user204,메,2023-08-29 16:53:56
53,user281,아이스,2023-08-29 16:53:56
54,user153,엔,2023-08-29 16:53:56
55,user137,아이스,2023-08-29 16:53:56
56,user320,레,2023-08-29 16:53:56
57,user291,메,2023-08-29 16:53:56
58,user080,랑,2023-08-29 16:53:56
59,user281,아이스,2023-08-29 16:53:56
60,user189,벨,2023-08-29 16:53:56
61,user329,레,2023-08-29 16:53:56
62,user263,브로,2023-08-29 16:53:56
63,user291,스,2023-08-29 16:53:56
64,user194,엔,2023-08-29 16:53:56
65,user144,랑,2023-08-29 16:53:57
66,user228,몽,2023-08-29 16:53:57
67,user136,아이스,2023-08-29 16:53:57
68,user072,크,2023-08-29 16:53:57
69,user097,브로,2023-08-29 16:53:57
70,user073,블,2023-08-29 16:53:57
71,user253,스,2023-08-29 16:53:57
72,user105,벨,2023-08-29 16:53:57
73,user095,벨,2023-08-29 16:53:57
74,user234,레,2023-08-29 16:53:57
75,user144,몽,2023-08-29 16:53:57
76,user191,레,2023-08-29 16:53:57
77,user153,아이스,2023-08-29 16:53:57
78,user243,블,2023-08-29 16:53:57
79,user139,아이스,2023-08-29 16:53:57
80,user184,크,2023-08-29 16:53:57
81,user145,스프,2023-08-29 16:53:57
82,user172,랑,2023-08-29 16:53:57
83,user276,벨,2023-08-29 16:53:57
84,user209,브로,2023-08-29 16:53:57
85,user211,블,2023-08-29 16:53:57
86,user280,레,2023-08-29 16:53:57
87,user171,랑,2023-08-29 16:53:57
88,user031,크,2023-08-29 16:53:57
89,user222,블,2023-08-29 16:53:57
90,user099,레,2023-08-29 16:53:57
91,user330,스프,2023-08-29 16:53:57
92,user266,메,2023-08-29 16:53:57
93,user225,랑,2023-08-29 16:53:57
94,user076,엔,2023-08-29 16:53:57
95,user205,몽,2023-08-29 16:53:57
96,user303,크,2023-08-29 16:53:57
97,user039,브로,2023-08-29 16:53:57
98,user157,레,2023-08-29 16:53:57
99,user256,벨,2023-08-29 16:53:57
100,user179,엔,2023-08-29 16:53:57
101,user181,스,2023-08-29 16:53:57
102,user129,벨,2023-08-29 16:53:57
103,user273,스프,2023-08-29 16:53:57
104,user264,스,2023-08-29 16:53:57
105,user216,몽,2023-08-29 16:53:57
106,user077,크,2023-08-29 16:53:57
107,user186,랑,2023-08-29 16:53:57
108,user078,레,2023-08-29 16:53:57
109,user154,메,2023-08-29 16:53:57
110,user237,블라,2023-08-29 16:53:57
111,user101,브로,2023-08-29 16:53:57
112,user215,크,2023-08-29 16:53:57
113,user210,랑,2023-08-29 16:53:57
114,user126,레,2023-08-29 16:53:57
115,user077,블,2023-08-29 16:53:57
116,user185,블,2023-08-29 16:53:57
117,user234,몽,2023-08-29 16:53:57
118,user192,메,2023-08-29 16:53:57
119,user310,아이스,2023-08-29 16:53:57
120,user149,랑,2023-08-29 16:53:57
121,user142,벨,2023-08-29 16:53:57
122,user098,크,2023-08-29 16:53:57
123,user056,스프,2023-08-29 16:53:57
124,user321,아이스,2023-08-29 16:53:57
125,user148,레,2023-08-29 16:53:57
126,user152,크,2023-08-29 16:53:57
127,user113,벨,2023-08-29 16:53:57
128,user150,레,2023-08-29 16:53:57
129,user123,메,2023-08-29 16:53:57
130,user097,블라,2023-08-29 16:53:57
131,user304,랑,2023-08-29 16:53:57
132,user101,랑,2023-08-29 16:53:57
133,user102,브로,2023-08-29 16:53:58
134,user060,엔,2023-08-29 16:53:58
135,user019,브로,2023-08-29 16:53:58
136,user248,레,2023-08-29 16:53:58
137,user048,엔,2023-08-29 16:53:58
138,user258,레,2023-08-29 16:53:58
139,user294,벨,2023-08-29 16:53:58
140,user041,아이스,2023-08-29 16:53:58
141,user189,엔,2023-08-29 16:53:58
142,user187,몽,2023-08-29 16:53:58
143,user092,랑,2023-08-29 16:53:58
144,user268,브로,2023-08-29 16:53:58
145,user173,랑,2023-08-29 16:53:58
146,user309,벨,2023-08-29 16:53:58
147,user224,브로,2023-08-29 16:53:58
148,user150,스프,2023-08-29 16:53:58
149,user095,레,2023-08-29 16:53:58
150,user212,아이스,2023-08-29 16:53:58
151,user096,브로,2023-08-29 16:53:58
152,user044,브로,2023-08-29 16:53:58
153,user075,크,2023-08-29 16:53:58
154,user142,브로,2023-08-29 16:53:58
155,user268,아이스,2023-08-29 16:53:58
156,user095,스프,2023-08-29 16:53:58
157,user061,엔,2023-08-29 16:53:58
158,user310,레,2023-08-29 16:53:58
159,user066,브로,2023-08-29 16:53:58
160,user319,스,2023-08-29 16:53:58
161,user196,몽,2023-08-29 16:53:58
162,user317,메,2023-08-29 16:53:58
163,user249,크,2023-08-29 16:53:58
164,user094,랑,2023-08-29 16:53:58
165,user273,브로,2023-08-29 16:53:58
166,user288,브로,2023-08-29 16:53:58
167,user226,블라,2023-08-29 16:53:58
168,user001,스프,2023-08-29 16:53:58
169,user154,스프,2023-08-29 16:53:58
170,user293,크,2023-08-29 16:53:58
171,user127,랑,2023-08-29 16:53:58
172,user212,몽,2023-08-29 16:53:58
173,user055,레,2023-08-29 16:53:58
174,user089,엔,2023-08-29 16:53:58
175,user211,엔,2023-08-29 16:53:58
176,user193,레,2023-08-29 16:53:58
177,user317,크,2023-08-29 16:53:58
178,user238,아이스,2023-08-29 16:53:58
179,user286,레,2023-08-29 16:53:58
180,user258,브로,2023-08-29 16:53:58
181,user153,엔,2023-08-29 16:53:58
182,user285,엔,2023-08-29 16:53:58
183,user330,블,2023-08-29 16:53:58
184,user215,스프,2023-08-29 16:53:58
185,user269,크,2023-08-29 16:53:58
186,user185,몽,2023-08-29 16:53:58
187,user064,메,2023-08-29 16:53:58
188,user173,몽,2023-08-29 16:53:58
189,user051,메,2023-08-29 16:53:58
190,user074,벨,2023-08-29 16:53:58
191,user087,엔,2023-08-29 16:53:58
192,user322,벨,2023-08-29 16:53:58
193,user154,아이스,2023-08-29 16:53:58
194,user263,레,2023-08-29 16:53:59
195,user119,레,2023-08-29 16:53:59
196,user263,랑,2023-08-29 16:53:59
197,user191,메,2023-08-29 16:53:59
198,user078,블,2023-08-29 16:53:59
199,user166,몽,2023-08-29 16:53:59
200,user277,블라,2023-08-29 16:53:59
201,user309,브로,2023-08-29 16:53:59
202,user098,아이스,2023-08-29 16:53:59
203,user299,스프,2023-08-29 16:53:59
204,user203,브로,2023-08-29 16:53:59
205,user281,스,2023-08-29 16:53:59
206,user069,벨,2023-08-29 16:53:59
207,user139,메,2023-08-29 16:53:59
208,user188,크,2023-08-29 16:53:59
209,user301,엔,2023-08-29 16:53:59
210,user324,블,2023-08-29 16:53:59
211,user123,레,2023-08-29 16:53:59
212,user014,벨,2023-08-29 16:53:59
213,user310,블라,2023-08-29 16:53:59
214,user327,벨,2023-08-29 16:53:59
215,user185,몽,2023-08-29 16:53:59
216,user126,크,2023-08-29 16:53:59
217,user132,메,2023-08-29 16:53:59
218,user259,벨,2023-08-29 16:53:59
219,user312,벨,2023-08-29 16:53:59
220,user041,레,2023-08-29 16:53:59
221,user054,스,2023-08-29 16:53:59
222,user258,레,2023-08-29 16:53:59
223,user132,레,2023-08-29 16:53:59
224,user208,크,2023-08-29 16:53:59
225,user255,스,2023-08-29 16:53:59
226,user170,크,2023-08-29 16:53:59
227,user002,블,2023-08-29 16:53:59
228,user129,몽,2023-08-29 16:53:59
229,user237,브로,2023-08-29 16:53:59
230,user218,크,2023-08-29 16:53:59
231,user324,아이스,2023-08-29 16:53:59
232,user034,스,2023-08-29 16:53:59
233,user031,아이스,2023-08-29 16:53:59
234,user226,랑,2023-08-29 16:53:59
235,user195,크,2023-08-29 16:53:59
236,user115,크,2023-08-29 16:53:59
237,user097,메,2023-08-29 16:53:59
238,user122,블,2023-08-29 16:53:59
239,user260,스,2023-08-29 16:53:59
240,user209,레,2023-08-29 16:53:59
241,user317,레,2023-08-29 16:53:59
242,user222,크,2023-08-29 16:53:59
243,user033,엔,2023-08-29 16:53:59
244,user192,랑,2023-08-29 16:53:59
245,user148,스프,2023-08-29 16:53:59
246,user255,브로,2023-08-29 16:53:59
247,user250,아이스,2023-08-29 16:53:59
248,user271,블라,2023-08-29 16:53:59
249,user117,레,2023-08-29 16:53:59
250,user240,벨,2023-08-29 16:53:59
251,user247,엔,2023-08-29 16:53:59
252,user226,엔,2023-08-29 16:53:59
253,user275,크,2023-08-29 16:53:59
254,user057,크,2023-08-29 16:53:59
255,user229,몽,2023-08-29 16:53:59
256,user323,크,2023-08-29 16:53:59
257,user099,레,2023-08-29 16:53:59
258,user092,메,2023-08-29 16:53:59
259,user104,레,2023-08-29 16:53:59
260,user057,몽,2023-08-29 16:53:59
261,user207,블,2023-08-29 16:53:59
262,user017,스,2023-08-29 16:53:59
263,user269,아이스,2023-08-29 16:54:00
264,user269,아이스,2023-08-29 16:54:00
265,user055,메,2023-08-29 16:54:00
266,user114,몽,2023-08-29 16:54:00
267,user236,스,2023-08-29 16:54:00
268,user054,블,2023-08-29 16:54:00
269,user182,스,2023-08-29 16:54:00
270,user081,크,2023-08-29 16:54:00
271,user083,브로,2023-08-29 16:54:00
272,user056,스,2023-08-29 16:54:00
273,user076,블,2023-08-29 16:54:00
274,user293,브로,2023-08-29 16:54:00
275,user131,아이스,2023-08-29 16:54:00
276,user152,블,2023-08-29 16:54:00
277,user210,블라,2023-08-29 16:54:00
278,user260,블라,2023-08-29 16:54:00
279,user041,스,2023-08-29 16:54:00
280,user222,크,2023-08-29 16:54:00
281,user232,스,2023-08-29 16:54:00
282,user224,블,2023-08-29 16:54:00
283,user048,블라,2023-08-29 16:54:00
284,user125,벨,2023-08-29 16:54:00
285,user328,벨,2023-08-29 16:54:00
286,user237,스프,2023-08-29 16:54:00
287,user165,레,2023-08-29 16:54:00
288,user300,블,2023-08-29 16:54:00
289,user127,블,2023-08-29 16:54:00
290,user069,블라,2023-08-29 16:54:00
291,user059,몽,2023-08-29 16:54:00
292,user223,크,2023-08-29 16:54:00
293,user091,스프,2023-08-29 16:54:00
294,user211,크,2023-08-29 16:54:00
295,user039,엔,2023-08-29 16:54:00
296,user296,랑,2023-08-29 16:54:00
297,user192,아이스,2023-08-29 16:54:00
298,user271,스,2023-08-29 16:54:00
299,user150,아이스,2023-08-29 16:54:00
300,user102,블,2023-08-29 16:54:00
301,user137,레,2023-08-29 16:54:00
302,user225,엔,2023-08-29 16:54:00
303,user171,벨,2023-08-29 16:54:00
304,user171,메,2023-08-29 16:54:00
305,user247,메,2023-08-29 16:54:00
306,user238,블라,2023-08-29 16:54:00
307,user256,레,2023-08-29 16:54:00
308,user119,랑,2023-08-29 16:54:00
309,user305,엔,2023-08-29 16:54:00
310,user182,레,2023-08-29 16:54:00
311,user153,몽,2023-08-29 16:54:00
312,user226,스,2023-08-29 16:54:00
313,user180,아이스,2023-08-29 16:54:00
314,user288,스프,2023-08-29 16:54:00
315,user080,레,2023-08-29 16:54:00
316,user162,크,2023-08-29 16:54:00
317,user269,레,2023-08-29 16:54:00
318,user313,크,2023-08-29 16:54:00
319,user105,블라,2023-08-29 16:54:00
320,user090,스프,2023-08-29 16:54:00
321,user125,메,2023-08-29 16:54:00
322,user163,아이스,2023-08-29 16:54:00
323,user053,벨,2023-08-29 16:54:00
324,user216,스,2023-08-29 16:54:00
325,user164,메,2023-08-29 16:54:00
326,user001,몽,2023-08-29 16:54:00
327,user152,크,2023-08-29 16:54:00
328,user013,메,2023-08-29 16:54:00
329,user215,엔,2023-08-29 16:54:00
330,user161,스,2023-08-29 16:54:00
331,user236,스,2023-08-29 16:54:00
332,user047,크,2023-08-29 16:54:00
333,user259,레,2023-08-29 16:54:00
334,user186,몽,2023-08-29 16:54:01
335,user071,아이스,2023-08-29 16:54:01
336,user161,엔,2023-08-29 16:54:01
337,user140,크,2023-08-29 16:54:01
338,user054,블라,2023-08-29 16:54:01
339,user068,벨,2023-08-29 16:54:01
340,user160,몽,2023-08-29 16:54:01
341,user074,레,2023-08-29 16:54:01
342,user190,메,2023-08-29 16:54:01
343,user235,엔,2023-08-29 16:54:01
344,user147,엔,2023-08-29 16:54:01
345,user218,스프,2023-08-29 16:54:01
346,user284,메,2023-08-29 16:54:01
347,user109,몽,2023-08-29 16:54:01
348,user186,레,2023-08-29 16:54:01
349,user082,몽,2023-08-29 16:54:01
350,user276,레,2023-08-29 16:54:01
351,user073,블라,2023-08-29 16:54:01
352,user236,브로,2023-08-29 16:54:01
353,user136,크,2023-08-29 16:54:01
354,user171,블,2023-08-29 16:54:01
355,user120,블라,2023-08-29 16:54:01
356,user119,엔,2023-08-29 16:54:01
357,user247,레,2023-08-29 16:54:01
358,user192,몽,2023-08-29 16:54:01
359,user310,아이스,2023-08-29 16:54:01
360,user081,레,2023-08-29 16:54:01
361,user036,브로,2023-08-29 16:54:01
362,user193,크,2023-08-29 16:54:01
363,user181,스,2023-08-29 16:54:01
364,user209,블,2023-08-29 16:54:01
365,user307,브로,2023-08-29 16:54:01
366,user315,레,2023-08-29 16:54:01
367,user208,스,2023-08-29 16:54:01
368,user185,크,2023-08-29 16:54:01
369,user101,메,2023-08-29 16:54:01
370,user232,몽,2023-08-29 16:54:01
371,user106,몽,2023-08-29 16:54:01
372,user089,레,2023-08-29 16:54:01
373,user119,스프,2023-08-29 16:54:01
374,user019,벨,2023-08-29 16:54:01
375,user158,크,2023-08-29 16:54:01
376,user181,몽,2023-08-29 16:54:01
377,user225,랑,2023-08-29 16:54:01
378,user001,아이스,2023-08-29 16:54:01
379,user089,몽,2023-08-29 16:54:01
380,user159,블,2023-08-29 16:54:01
381,user021,레,2023-08-29 16:54:01
382,user201,브로,2023-08-29 16:54:01
383,user268,크,2023-08-29 16:54:01
384,user245,스프,2023-08-29 16:54:01
385,user164,브로,2023-08-29 16:54:01
386,user082,스,2023-08-29 16:54:01
387,user301,크,2023-08-29 16:54:01
388,user296,블라,2023-08-29 16:54:01
389,user103,벨,2023-08-29 16:54:01
390,user245,아이스,2023-08-29 16:54:01
391,user014,랑,2023-08-29 16:54:01
392,user190,블라,2023-08-29 16:54:01
393,user121,벨,2023-08-29 16:54:01
394,user060,메,2023-08-29 16:54:01
395,user247,메,2023-08-29 16:54:01
396,user139,크,2023-08-29 16:54:01
397,user153,블,2023-08-29 16:54:01
398,user169,스,2023-08-29 16:54:01
399,user222,브로,2023-08-29 16:54:01
400,user271,스,2023-08-29 16:54:01
401,user219,몽,2023-08-29 16:54:01
402,user096,아이스,2023-08-29 16:54:01
403,user083,블,2023-08-29 16:54:01
404,user241,크,2023-08-29 16:54:02
405,user049,엔,2023-08-29 16:54:02
406,user181,레,2023-08-29 16:54:02
407,user152,레,2023-08-29 16:54:02
408,user326,스,2023-08-29 16:54:02
409,user247,브로,2023-08-29 16:54:02
410,user241,브로,2023-08-29 16:54:02
411,user120,브로,2023-08-29 16:54:02
412,user327,엔,2023-08-29 16:54:02
413,user236,스,2023-08-29 16:54:02
414,user139,브로,2023-08-29 16:54:02
415,user159,블,2023-08-29 16:54:02
416,user101,랑,2023-08-29 16:54:02
417,user260,레,2023-08-29 16:54:02
418,user165,레,2023-08-29 16:54:02
419,user292,블,2023-08-29 16:54:02
420,user017,블라,2023-08-29 16:54:02
421,user181,레,2023-08-29 16:54:02
422,user322,블라,2023-08-29 16:54:02
423,user179,벨,2023-08-29 16:54:02
424,user073,벨,2023-08-29 16:54:02
425,user252,블라,2023-08-29 16:54:02
426,user229,레,2023-08-29 16:54:02
427,user310,엔,2023-08-29 16:54:02
428,user195,브로,2023-08-29 16:54:02
429,user317,엔,2023-08-29 16:54:02
430,user191,블,2023-08-29 16:54:02
431,user232,아이스,2023-08-29 16:54:02
432,user095,스프,2023-08-29 16:54:02
433,user034,블,2023-08-29 16:54:02
434,user046,아이스,2023-08-29 16:54:02
435,user238,스,2023-08-29 16:54:02
436,user047,랑,2023-08-29 16:54:02
437,user156,몽,2023-08-29 16:54:02
438,user046,엔,2023-08-29 16:54:02
439,user208,스,2023-08-29 16:54:02
440,user105,크,2023-08-29 16:54:02
441,user256,스,2023-08-29 16:54:02
442,user328,블,2023-08-29 16:54:02
443,user153,몽,2023-08-29 16:54:02
444,user108,엔,2023-08-29 16:54:02
445,user311,엔,2023-08-29 16:54:02
446,user136,몽,2023-08-29 16:54:02
447,user099,레,2023-08-29 16:54:02
448,user234,랑,2023-08-29 16:54:02
449,user257,블라,2023-08-29 16:54:02
450,user239,크,2023-08-29 16:54:02
451,user260,랑,2023-08-29 16:54:02
452,user076,랑,2023-08-29 16:54:02
453,user194,엔,2023-08-29 16:54:02
454,user248,블라,2023-08-29 16:54:02
455,user260,아이스,2023-08-29 16:54:02
456,user324,아이스,2023-08-29 16:54:02
457,user053,벨,2023-08-29 16:54:02
458,user193,스프,2023-08-29 16:54:02
459,user327,메,2023-08-29 16:54:02
460,user206,랑,2023-08-29 16:54:02
461,user183,엔,2023-08-29 16:54:02
462,user110,크,2023-08-29 16:54:02
463,user264,레,2023-08-29 16:54:02
464,user261,블,2023-08-29 16:54:02
465,user010,스,2023-08-29 16:54:02
466,user273,크,2023-08-29 16:54:02
467,user322,아이스,2023-08-29 16:54:02
468,user094,브로,2023-08-29 16:54:02
469,user211,레,2023-08-29 16:54:02
470,user013,블,2023-08-29 16:54:02
471,user228,브로,2023-08-29 16:54:02
472,user293,레,2023-08-29 16:54:02
473,user062,레,2023-08-29 16:54:02
474,user056,메,2023-08-29 16:54:02
475,user102,스,2023-08-29 16:54:03
476,user106,블라,2023-08-29 16:54:03
477,user076,스,2023-08-29 16:54:03
478,user211,레,2023-08-29 16:54:03
479,user289,레,2023-08-29 16:54:03
480,user200,블,2023-08-29 16:54:03
481,user123,브로,2023-08-29 16:54:03
482,user177,몽,2023-08-29 16:54:03
483,user098,벨,2023-08-29 16:54:03
484,user136,메,2023-08-29 16:54:03
485,user177,크,2023-08-29 16:54:03
486,user094,스프,2023-08-29 16:54:03
487,user078,아이스,2023-08-29 16:54:03
488,user239,크,2023-08-29 16:54:03
489,user142,스,2023-08-29 16:54:03
490,user323,몽,2023-08-29 16:54:03
491,user102,몽,2023-08-29 16:54:03
492,user186,벨,2023-08-29 16:54:03
493,user140,스,2023-08-29 16:54:03
494,user276,스프,2023-08-29 16:54:03
495,user099,브로,2023-08-29 16:54:03
496,user036,스프,2023-08-29 16:54:03
497,user131,레,2023-08-29 16:54:03
498,user048,메,2023-08-29 16:54:03
499,user253,블,2023-08-29 16:54:03
500,user239,블라,2023-08-29 16:54:03
501,user256,메,2023-08-29 16:54:03
502,user131,랑,2023-08-29 16:54:03
503,user134,블라,2023-08-29 16:54:03
504,user256,랑,2023-08-29 16:54:03
505,user305,스프,2023-08-29 16:54:03
506,user315,아이스,2023-08-29 16:54:03
507,user327,아이스,2023-08-29 16:54:03
508,user081,엔,2023-08-29 16:54:03
509,user183,벨,2023-08-29 16:54:03
510,user284,블,2023-08-29 16:54:03
511,user179,아이스,2023-08-29 16:54:03
512,user229,크,2023-08-29 16:54:03
513,user119,블라,2023-08-29 16:54:03
514,user125,브로,2023-08-29 16:54:03
515,user099,블라,2023-08-29 16:54:03
516,user182,레,2023-08-29 16:54:03
517,user204,블라,2023-08-29 16:54:03
518,user268,블라,2023-08-29 16:54:03
519,user054,레,2023-08-29 16:54:03
520,user298,메,2023-08-29 16:54:03
521,user305,몽,2023-08-29 16:54:03
522,user053,브로,2023-08-29 16:54:03
523,user308,블,2023-08-29 16:54:03
524,user314,레,2023-08-29 16:54:03
525,user327,레,2023-08-29 16:54:03
526,user191,몽,2023-08-29 16:54:03
527,user138,블,2023-08-29 16:54:03
528,user074,브로,2023-08-29 16:54:03
529,user040,레,2023-08-29 16:54:03
530,user147,엔,2023-08-29 16:54:03
531,user313,스프,2023-08-29 16:54:03
532,user146,스프,2023-08-29 16:54:03
533,user296,벨,2023-08-29 16:54:03
534,user224,레,2023-08-29 16:54:03
535,user321,블라,2023-08-29 16:54:03
536,user162,메,2023-08-29 16:54:03
537,user309,랑,2023-08-29 16:54:03
538,user154,엔,2023-08-29 16:54:03
539,user151,블,2023-08-29 16:54:03
540,user102,아이스,2023-08-29 16:54:03
541,user169,레,2023-08-29 16:54:03
542,user077,스,2023-08-29 16:54:03
543,user210,블라,2023-08-29 16:54:04
544,user272,스,2023-08-29 16:54:04
545,user054,스,2023-08-29 16:54:04
546,user323,벨,2023-08-29 16:54:04
547,user154,랑,2023-08-29 16:54:04
548,user302,랑,2023-08-29 16:54:04
549,user249,스프,2023-08-29 16:54:04
550,user086,레,2023-08-29 16:54:04
551,user180,엔,2023-08-29 16:54:04
552,user210,메,2023-08-29 16:54:04
553,user270,메,2023-08-29 16:54:04
554,user239,브로,2023-08-29 16:54:04
555,user250,랑,2023-08-29 16:54:04
556,user318,랑,2023-08-29 16:54:04
557,user094,벨,2023-08-29 16:54:04
558,user219,랑,2023-08-29 16:54:04
559,user069,스프,2023-08-29 16:54:04
560,user123,스,2023-08-29 16:54:04
561,user117,브로,2023-08-29 16:54:04
562,user321,블라,2023-08-29 16:54:04
563,user022,브로,2023-08-29 16:54:04
564,user226,벨,2023-08-29 16:54:04
565,user131,몽,2023-08-29 16:54:04
566,user196,몽,2023-08-29 16:54:04
567,user285,아이스,2023-08-29 16:54:04
568,user216,몽,2023-08-29 16:54:04
569,user290,블라,2023-08-29 16:54:04
570,user185,스,2023-08-29 16:54:04
571,user116,스프,2023-08-29 16:54:04
572,user268,브로,2023-08-29 16:54:04
573,user037,엔,2023-08-29 16:54:04
574,user180,브로,2023-08-29 16:54:04
575,user019,스프,2023-08-29 16:54:04
576,user272,브로,2023-08-29 16:54:04
577,user022,메,2023-08-29 16:54:04
578,user140,랑,2023-08-29 16:54:04
579,user238,블라,2023-08-29 16:54:04
580,user111,벨,2023-08-29 16:54:04
581,user248,몽,2023-08-29 16:54:04
582,user217,랑,2023-08-29 16:54:04
583,user111,크,2023-08-29 16:54:04
584,user224,메,2023-08-29 16:54:04
585,user253,아이스,2023-08-29 16:54:04
586,user225,레,2023-08-29 16:54:04
587,user245,엔,2023-08-29 16:54:04
588,user187,크,2023-08-29 16:54:04
589,user147,스프,2023-08-29 16:54:04
590,user252,엔,2023-08-29 16:54:04
591,user308,아이스,2023-08-29 16:54:04
592,user314,랑,2023-08-29 16:54:04
593,user294,아이스,2023-08-29 16:54:04
594,user044,레,2023-08-29 16:54:04
595,user292,레,2023-08-29 16:54:04
596,user314,브로,2023-08-29 16:54:04
597,user130,아이스,2023-08-29 16:54:04
598,user075,레,2023-08-29 16:54:04
599,user228,몽,2023-08-29 16:54:04
600,user169,레,2023-08-29 16:54:04
601,user072,스프,2023-08-29 16:54:04
602,user083,브로,2023-08-29 16:54:04
603,user218,몽,2023-08-29 16:54:04
604,user125,브로,2023-08-29 16:54:04
605,user156,랑,2023-08-29 16:54:04
606,user298,레,2023-08-29 16:54:04
607,user192,아이스,2023-08-29 16:54:04
608,user090,아이스,2023-08-29 16:54:04
609,user285,몽,2023-08-29 16:54:05
610,user278,스,2023-08-29 16:54:05
611,user274,스프,2023-08-29 16:54:05
612,user293,크,2023-08-29 16:54:05
613,user178,블,2023-08-29 16:54:05
614,user079,엔,2023-08-29 16:54:05
615,user175,엔,2023-08-29 16:54:05
616,user162,블,2023-08-29 16:54:05
617,user089,레,2023-08-29 16:54:05
618,user149,레,2023-08-29 16:54:05
619,user037,블라,2023-08-29 16:54:05
620,user210,블,2023-08-29 16:54:05
621,user283,메,2023-08-29 16:54:05
622,user094,레,2023-08-29 16:54:05
623,user098,레,2023-08-29 16:54:05
624,user121,스,2023-08-29 16:54:05
625,user329,벨,2023-08-29 16:54:05
626,user127,레,2023-08-29 16:54:05
627,user276,크,2023-08-29 16:54:05
628,user051,레,2023-08-29 16:54:05
629,user315,몽,2023-08-29 16:54:05
630,user225,레,2023-08-29 16:54:05
631,user303,몽,2023-08-29 16:54:05
632,user321,레,2023-08-29 16:54:05
633,user181,벨,2023-08-29 16:54:05
634,user039,아이스,2023-08-29 16:54:05
635,user152,브로,2023-08-29 16:54:05
636,user279,블라,2023-08-29 16:54:05
637,user090,스,2023-08-29 16:54:05
638,user015,몽,2023-08-29 16:54:05
639,user318,메,2023-08-29 16:54:05
640,user142,벨,2023-08-29 16:54:05
641,user311,스프,2023-08-29 16:54:05
642,user077,블,2023-08-29 16:54:05
643,user095,몽,2023-08-29 16:54:05
644,user032,블라,2023-08-29 16:54:05
645,user049,스프,2023-08-29 16:54:05
646,user019,블,2023-08-29 16:54:05
647,user128,브로,2023-08-29 16:54:05
648,user209,레,2023-08-29 16:54:05
649,user125,벨,2023-08-29 16:54:05
650,user049,벨,2023-08-29 16:54:05
651,user040,스프,2023-08-29 16:54:05
652,user138,랑,2023-08-29 16:54:05
653,user001,블,2023-08-29 16:54:05
654,user210,스프,2023-08-29 16:54:05
655,user305,레,2023-08-29 16:54:05
656,user281,엔,2023-08-29 16:54:05
657,user190,블,2023-08-29 16:54:05
658,user310,엔,2023-08-29 16:54:05
659,user099,크,2023-08-29 16:54:05
660,user305,블라,2023-08-29 16:54:05
661,user283,레,2023-08-29 16:54:05
662,user156,엔,2023-08-29 16:54:05
663,user152,스,2023-08-29 16:54:05
664,user170,벨,2023-08-29 16:54:05
665,user214,브로,2023-08-29 16:54:05
666,user187,랑,2023-08-29 16:54:05
667,user316,크,2023-08-29 16:54:05
668,user073,몽,2023-08-29 16:54:05
669,user148,레,2023-08-29 16:54:05
670,user174,벨,2023-08-29 16:54:05
671,user046,스,2023-08-29 16:54:05
672,user329,브로,2023-08-29 16:54:05
673,user279,랑,2023-08-29 16:54:05
674,user096,레,2023-08-29 16:54:05
675,user128,스프,2023-08-29 16:54:05
676,user250,몽,2023-08-29 16:54:05
677,user273,브로,2023-08-29 16:54:05
678,user059,엔,2023-08-29 16:54:05
679,user272,블,2023-08-29 16:54:06
680,user216,벨,2023-08-29 16:54:06
681,user021,메,2023-08-29 16:54:06
682,user192,크,2023-08-29 16:54:06
683,user303,메,2023-08-29 16:54:06
684,user307,벨,2023-08-29 16:54:06
685,user119,블,2023-08-29 16:54:06
686,user260,블라,2023-08-29 16:54:06
687,user285,메,2023-08-29 16:54:06
688,user234,엔,2023-08-29 16:54:06
689,user233,메,2023-08-29 16:54:06
690,user222,브로,2023-08-29 16:54:06
691,user040,아이스,2023-08-29 16:54:06
692,user096,벨,2023-08-29 16:54:06
693,user171,레,2023-08-29 16:54:06
694,user242,레,2023-08-29 16:54:06
695,user298,벨,2023-08-29 16:54:06
696,user285,스,2023-08-29 16:54:06
697,user254,스프,2023-08-29 16:54:06
698,user275,블,2023-08-29 16:54:06
699,user197,엔,2023-08-29 16:54:06
700,user206,스프,2023-08-29 16:54:06
701,user308,아이스,2023-08-29 16:54:06
702,user192,브로,2023-08-29 16:54:06
703,user213,몽,2023-08-29 16:54:06
704,user154,몽,2023-08-29 16:54:06
705,user069,메,2023-08-29 16:54:06
706,user060,레,2023-08-29 16:54:06
707,user231,엔,2023-08-29 16:54:06
708,user321,레,2023-08-29 16:54:06
709,user099,메,2023-08-29 16:54:06
710,user021,크,2023-08-29 16:54:06
711,user040,랑,2023-08-29 16:54:06
712,user213,레,2023-08-29 16:54:06
713,user034,블,2023-08-29 16:54:06
714,user220,랑,2023-08-29 16:54:06
715,user143,벨,2023-08-29 16:54:06
716,user255,랑,2023-08-29 16:54:06
717,user300,아이스,2023-08-29 16:54:06
718,user311,레,2023-08-29 16:54:06
719,user229,스프,2023-08-29 16:54:06
720,user232,스프,2023-08-29 16:54:06
721,user295,블라,2023-08-29 16:54:06
722,user179,블라,2023-08-29 16:54:06
723,user219,레,2023-08-29 16:54:06
724,user048,스프,2023-08-29 16:54:06
725,user083,엔,2023-08-29 16:54:06
726,user095,벨,2023-08-29 16:54:06
727,user249,벨,2023-08-29 16:54:06
728,user218,벨,2023-08-29 16:54:06
729,user216,브로,2023-08-29 16:54:06
730,user104,랑,2023-08-29 16:54:06
731,user036,아이스,2023-08-29 16:54:06
732,user168,벨,2023-08-29 16:54:06
733,user289,몽,2023-08-29 16:54:06
734,user182,벨,2023-08-29 16:54:06
735,user303,엔,2023-08-29 16:54:06
736,user239,몽,2023-08-29 16:54:06
737,user073,엔,2023-08-29 16:54:06
738,user154,블라,2023-08-29 16:54:06
739,user233,레,2023-08-29 16:54:06
740,user186,블,2023-08-29 16:54:06
741,user101,몽,2023-08-29 16:54:06
742,user276,레,2023-08-29 16:54:06
743,user078,레,2023-08-29 16:54:06
744,user028,브로,2023-08-29 16:54:06
745,user055,블라,2023-08-29 16:54:06
746,user166,레,2023-08-29 16:54:06
747,user160,레,2023-08-29 16:54:06
748,user182,크,2023-08-29 16:54:07
749,user323,아이스,2023-08-29 16:54:07
750,user274,레,2023-08-29 16:54:07
751,user013,블라,2023-08-29 16:54:07
752,user125,레,2023-08-29 16:54:07
753,user175,몽,2023-08-29 16:54:07
754,user218,크,2023-08-29 16:54:07
755,user224,레,2023-08-29 16:54:07
756,user074,랑,2023-08-29 16:54:07
757,user134,아이스,2023-08-29 16:54:07
758,user202,랑,2023-08-29 16:54:07
759,user103,크,2023-08-29 16:54:07
760,user174,랑,2023-08-29 16:54:07
761,user166,스프,2023-08-29 16:54:07
762,user304,아이스,2023-08-29 16:54:07
763,user125,메,2023-08-29 16:54:07
764,user094,레,2023-08-29 16:54:07
765,user169,블,2023-08-29 16:54:07
766,user249,스,2023-08-29 16:54:07
767,user306,크,2023-08-29 16:54:07
768,user157,몽,2023-08-29 16:54:07
769,user176,랑,2023-08-29 16:54:07
770,user247,크,2023-08-29 16:54:07
771,user306,벨,2023-08-29 16:54:07
772,user255,레,2023-08-29 16:54:07
773,user307,레,2023-08-29 16:54:07
774,user273,브로,2023-08-29 16:54:07
775,user103,랑,2023-08-29 16:54:07
776,user017,몽,2023-08-29 16:54:07
777,user205,브로,2023-08-29 16:54:07
778,user087,스프,2023-08-29 16:54:07
779,user244,스,2023-08-29 16:54:07
780,user265,크,2023-08-29 16:54:07
781,user213,블라,2023-08-29 16:54:07
782,user212,스,2023-08-29 16:54:07
783,user086,블라,2023-08-29 16:54:07
784,user126,랑,2023-08-29 16:54:07
785,user217,크,2023-08-29 16:54:07
786,user302,아이스,2023-08-29 16:54:07
787,user098,크,2023-08-29 16:54:07
788,user230,레,2023-08-29 16:54:07
789,user090,스,2023-08-29 16:54:07
790,user238,메,2023-08-29 16:54:07
791,user326,레,2023-08-29 16:54:07
792,user047,벨,2023-08-29 16:54:07
793,user053,레,2023-08-29 16:54:07
794,user146,블,2023-08-29 16:54:07
795,user196,엔,2023-08-29 16:54:07
796,user012,블,2023-08-29 16:54:07
797,user189,스프,2023-08-29 16:54:07
798,user282,블,2023-08-29 16:54:07
799,user034,스,2023-08-29 16:54:07
800,user177,메,2023-08-29 16:54:07
801,user330,메,2023-08-29 16:54:07
802,user198,블,2023-08-29 16:54:07
803,user122,블,2023-08-29 16:54:07
804,user293,레,2023-08-29 16:54:07
805,user002,벨,2023-08-29 16:54:07
806,user308,엔,2023-08-29 16:54:07
807,user306,스프,2023-08-29 16:54:07
808,user153,스프,2023-08-29 16:54:07
809,user043,메,2023-08-29 16:54:07
810,user152,스,2023-08-29 16:54:07
811,user276,블,2023-08-29 16:54:07
812,user043,블,2023-08-29 16:54:07
813,user116,스프,2023-08-29 16:54:07
814,user241,메,2023-08-29 16:54:07
815,user201,메,2023-08-29 16:54:07
816,user304,엔,2023-08-29 16:54:07
817,user219,브로,2023-08-29 16:54:07
818,user291,스프,2023-08-29 16:54:08
819,user302,스,2023-08-29 16:54:08
820,user206,레,2023-08-29 16:54:08
821,user122,레,2023-08-29 16:54:08
822,user028,랑,2023-08-29 16:54:08
823,user260,아이스,2023-08-29 16:54:08
824,user193,엔,2023-08-29 16:54:08
825,user317,크,2023-08-29 16:54:08
826,user032,레,2023-08-29 16:54:08
827,user139,벨,2023-08-29 16:54:08
828,user277,블라,2023-08-29 16:54:08
829,user153,스프,2023-08-29 16:54:08
830,user114,레,2023-08-29 16:54:08
831,user188,크,2023-08-29 16:54:08
832,user212,레,2023-08-29 16:54:08
833,user235,몽,2023-08-29 16:54:08
834,user028,스프,2023-08-29 16:54:08
835,user051,스프,2023-08-29 16:54:08
836,user185,엔,2023-08-29 16:54:08
837,user216,메,2023-08-29 16:54:08
838,user173,스,2023-08-29 16:54:08
839,user285,레,2023-08-29 16:54:08
840,user135,블라,2023-08-29 16:54:08
841,user041,레,2023-08-29 16:54:08
842,user132,크,2023-08-29 16:54:08
843,user303,메,2023-08-29 16:54:08
844,user156,레,2023-08-29 16:54:08
845,user147,엔,2023-08-29 16:54:08
846,user139,블라,2023-08-29 16:54:08
847,user193,크,2023-08-29 16:54:08
848,user001,레,2023-08-29 16:54:08
849,user047,랑,2023-08-29 16:54:08
850,user318,크,2023-08-29 16:54:08
851,user081,스,2023-08-29 16:54:08
852,user064,블라,2023-08-29 16:54:08
853,user300,엔,2023-08-29 16:54:08
854,user120,아이스,2023-08-29 16:54:08
855,user252,메,2023-08-29 16:54:08
856,user073,블라,2023-08-29 16:54:08
857,user168,레,2023-08-29 16:54:08
858,user117,레,2023-08-29 16:54:08
859,user200,엔,2023-08-29 16:54:08
860,user032,레,2023-08-29 16:54:08
861,user306,블,2023-08-29 16:54:08
862,user195,브로,2023-08-29 16:54:08
863,user277,레,2023-08-29 16:54:08
864,user273,몽,2023-08-29 16:54:08
865,user196,레,2023-08-29 16:54:08
866,user268,메,2023-08-29 16:54:08
867,user137,엔,2023-08-29 16:54:08
868,user049,랑,2023-08-29 16:54:08
869,user240,블라,2023-08-29 16:54:08
870,user115,브로,2023-08-29 16:54:08
871,user059,레,2023-08-29 16:54:08
872,user155,엔,2023-08-29 16:54:08
873,user303,블,2023-08-29 16:54:08
874,user191,몽,2023-08-29 16:54:08
875,user164,벨,2023-08-29 16:54:08
876,user176,아이스,2023-08-29 16:54:08
877,user299,아이스,2023-08-29 16:54:08
878,user327,레,2023-08-29 16:54:08
879,user210,아이스,2023-08-29 16:54:08
880,user045,벨,2023-08-29 16:54:08
881,user300,블,2023-08-29 16:54:08
882,user186,벨,2023-08-29 16:54:08
883,user080,스,2023-08-29 16:54:08
884,user145,아이스,2023-08-29 16:54:08
885,user129,블,2023-08-29 16:54:08
886,user001,스프,2023-08-29 16:54:09
887,user095,레,2023-08-29 16:54:09
888,user302,메,2023-08-29 16:54:09
889,user280,크,2023-08-29 16:54:09
890,user034,크,2023-08-29 16:54:09
891,user176,랑,2023-08-29 16:54:09
892,user129,스,2023-08-29 16:54:09
893,user161,랑,2023-08-29 16:54:09
894,user186,아이스,2023-08-29 16:54:09
895,user307,벨,2023-08-29 16:54:09
896,user278,레,2023-08-29 16:54:09
897,user173,몽,2023-08-29 16:54:09
898,user311,레,2023-08-29 16:54:09
899,user308,엔,2023-08-29 16:54:09
900,user134,스,2023-08-29 16:54:09
901,user056,스,2023-08-29 16:54:09
902,user125,레,2023-08-29 16:54:09
903,user074,메,2023-08-29 16:54:09
904,user120,크,2023-08-29 16:54:09
905,user156,랑,2023-08-29 16:54:09
906,user295,레,2023-08-29 16:54:09
907,user158,메,2023-08-29 16:54:09
908,user105,브로,2023-08-29 16:54:09
909,user234,레,2023-08-29 16:54:09
910,user012,스,2023-08-29 16:54:09
911,user300,몽,2023-08-29 16:54:09
912,user134,랑,2023-08-29 16:54:09
913,user146,블라,2023-08-29 16:54:09
914,user075,크,2023-08-29 16:54:09
915,user283,메,2023-08-29 16:54:09
916,user105,블라,2023-08-29 16:54:09
917,user001,블,2023-08-29 16:54:09
918,user195,벨,2023-08-29 16:54:09
919,user037,레,2023-08-29 16:54:09
920,user064,블,2023-08-29 16:54:09
921,user192,엔,2023-08-29 16:54:09
922,user022,브로,2023-08-29 16:54:09
923,user190,스프,2023-08-29 16:54:09
924,user143,블,2023-08-29 16:54:09
925,user040,레,2023-08-29 16:54:09
926,user142,레,2023-08-29 16:54:09
927,user186,레,2023-08-29 16:54:09
928,user045,블라,2023-08-29 16:54:09
929,user301,브로,2023-08-29 16:54:09
930,user266,랑,2023-08-29 16:54:09
931,user260,스,2023-08-29 16:54:09
932,user295,스프,2023-08-29 16:54:09
933,user148,레,2023-08-29 16:54:09
934,user108,블라,2023-08-29 16:54:09
935,user128,엔,2023-08-29 16:54:09
936,user013,엔,2023-08-29 16:54:09
937,user294,메,2023-08-29 16:54:09
938,user171,크,2023-08-29 16:54:09
939,user193,아이스,2023-08-29 16:54:09
940,user079,브로,2023-08-29 16:54:09
941,user081,블라,2023-08-29 16:54:09
942,user064,랑,2023-08-29 16:54:09
943,user204,블,2023-08-29 16:54:09
944,user086,크,2023-08-29 16:54:09
945,user286,크,2023-08-29 16:54:09
946,user107,랑,2023-08-29 16:54:09
947,user301,블라,2023-08-29 16:54:09
948,user268,아이스,2023-08-29 16:54:09
949,user275,블,2023-08-29 16:54:09
950,user177,레,2023-08-29 16:54:09
951,user136,몽,2023-08-29 16:54:09
952,user256,레,2023-08-29 16:54:09
953,user068,블라,2023-08-29 16:54:09
954,user244,블,2023-08-29 16:54:09
955,user019,레,2023-08-29 16:54:09
956,user053,블라,2023-08-29 16:54:10
957,user237,랑,2023-08-29 16:54:10
958,user089,스,2023-08-29 16:54:10
959,user329,레,2023-08-29 16:54:10
960,user130,메,2023-08-29 16:54:10
961,user166,스,2023-08-29 16:54:10
962,user104,스프,2023-08-29 16:54:10
963,user054,몽,2023-08-29 16:54:10
964,user094,브로,2023-08-29 16:54:10
965,user025,크,2023-08-29 16:54:10
966,user327,블,2023-08-29 16:54:10
967,user245,메,2023-08-29 16:54:10
968,user245,레,2023-08-29 16:54:10
969,user304,메,2023-08-29 16:54:10
970,user318,레,2023-08-29 16:54:10
971,user211,랑,2023-08-29 16:54:10
972,user317,랑,2023-08-29 16:54:10
973,user201,벨,2023-08-29 16:54:10
974,user014,아이스,2023-08-29 16:54:10
975,user217,아이스,2023-08-29 16:54:10
976,user123,스프,2023-08-29 16:54:10
977,user224,크,2023-08-29 16:54:10
978,user126,블,2023-08-29 16:54:10
979,user051,메,2023-08-29 16:54:10
980,user256,스,2023-08-29 16:54:10
981,user148,레,2023-08-29 16:54:10
982,user231,엔,2023-08-29 16:54:10
983,user305,랑,2023-08-29 16:54:10
984,user299,레,2023-08-29 16:54:10
985,user015,스프,2023-08-29 16:54:10
986,user113,아이스,2023-08-29 16:54:10
987,user117,랑,2023-08-29 16:54:10
988,user247,레,2023-08-29 16:54:10
989,user233,레,2023-08-29 16:54:10
990,user241,레,2023-08-29 16:54:10
991,user196,스프,2023-08-29 16:54:10
992,user295,벨,2023-08-29 16:54:10
993,user047,아이스,2023-08-29 16:54:10
994,user253,랑,2023-08-29 16:54:10
995,user293,랑,2023-08-29 16:54:10
996,user219,스,2023-08-29 16:54:10
997,user265,블라,2023-08-29 16:54:10
998,user150,몽,2023-08-29 16:54:10
999,user061,랑,2023-08-29 16:54:10
1000,user207,엔,2023-08-29 16:54:10
1001,user025,,2023-08-29 07:44:01
1002,user025,스와,2023-08-29 07:44:48
1003,user025,블레,2023-08-29 07:44:51
1004,user025,,2023-08-29 08:42:22
